macPrefix,vendor,OS_family
00:05:02,"Apple, Inc.",macos
00:10:FA,"Apple, Inc.",macos
00:A0:40,"Apple, Inc.",macos
08:00:07,"Apple, Inc.",macos
00:03:93,"Apple, Inc.",macos
00:0A:27,"Apple, Inc.",macos
00:30:65,"Apple, Inc.",macos
00:50:E4,"Apple, Inc.",macos
00:0A:95,"Apple, Inc.",macos
00:0D:93,"Apple, Inc.",macos
00:11:24,"Apple, Inc.",macos
00:14:51,"Apple, Inc.",macos
00:16:CB,"Apple, Inc.",macos
00:17:F2,"Apple, Inc.",macos
00:19:E3,"Apple, Inc.",macos
00:1B:63,"Apple, Inc.",macos
00:1C:B3,"Apple, Inc.",macos
00:1D:4F,"Apple, Inc.",macos
00:1E:52,"Apple, Inc.",macos
00:1E:C2,"Apple, Inc.",macos
00:1F:5B,"Apple, Inc.",macos
00:1F:F3,"Apple, Inc.",macos
00:21:E9,"Apple, Inc.",macos
00:22:41,"Apple, Inc.",macos
00:23:12,"Apple, Inc.",macos
00:23:32,"Apple, Inc.",macos
00:23:6C,"Apple, Inc.",macos
00:23:DF,"Apple, Inc.",macos
00:24:36,"Apple, Inc.",macos
00:25:00,"Apple, Inc.",macos
00:25:4B,"Apple, Inc.",macos
00:25:BC,"Apple, Inc.",macos
00:26:08,"Apple, Inc.",macos
00:26:4A,"Apple, Inc.",macos
00:26:B0,"Apple, Inc.",macos
00:26:BB,"Apple, Inc.",macos
04:1E:64,"Apple, Inc.",macos
34:15:9E,"Apple, Inc.",macos
60:FB:42,"Apple, Inc.",macos
64:B9:E8,"Apple, Inc.",macos
7C:6D:62,"Apple, Inc.",macos
90:84:0D,"Apple, Inc.",macos
B0:AA:36,"GUANGDONG OPPO MOBILE TELECOMMUNICATIONS CORP.,LTD",android
D4:9A:20,"Apple, Inc.",macos
F8:1E:DF,"Apple, Inc.",macos
40:D3:2D,"Apple, Inc.",macos
58:B0:35,"Apple, Inc.",macos
D8:30:62,"Apple, Inc.",macos
E8:06:88,"Apple, Inc.",macos
C4:2C:03,"Apple, Inc.",macos
90:27:E4,"Apple, Inc.",macos
D8:A2:5E,"Apple, Inc.",macos
60:33:4B,"Apple, Inc.",macos
5C:59:48,"Apple, Inc.",macos
7C:C5:37,"Apple, Inc.",macos
78:CA:39,"Apple, Inc.",macos
C8:BC:C8,"Apple, Inc.",macos
18:E7:F4,"Apple, Inc.",macos
B8:FF:61,"Apple, Inc.",macos
CC:08:E0,"Apple, Inc.",macos
10:93:E9,"Apple, Inc.",macos
10:9A:DD,"Apple, Inc.",macos
24:AB:81,"Apple, Inc.",macos
40:A6:D9,"Apple, Inc.",macos
58:55:CA,"Apple, Inc.",macos
70:CD:60,"Apple, Inc.",macos
8C:7B:9D,"Apple, Inc.",macos
DC:2B:61,"Apple, Inc.",macos
F0:B4:79,"Apple, Inc.",macos
04:0C:CE,"Apple, Inc.",macos
10:12:12,Vivo International Corporation Pty Ltd,android
28:E7:CF,"Apple, Inc.",macos
3C:07:54,"Apple, Inc.",macos
44:2A:60,"Apple, Inc.",macos
58:1F:AA,"Apple, Inc.",macos
7C:F0:5F,"Apple, Inc.",macos
88:C6:63,"Apple, Inc.",macos
8C:58:77,"Apple, Inc.",macos
98:03:D8,"Apple, Inc.",macos
A4:67:06,"Apple, Inc.",macos
A4:B1:97,"Apple, Inc.",macos
C8:2A:14,"Apple, Inc.",macos
D8:9E:3F,"Apple, Inc.",macos
E0:F8:47,"Apple, Inc.",macos
E4:CE:8F,"Apple, Inc.",macos
0C:74:C2,"Apple, Inc.",macos
14:5A:05,"Apple, Inc.",macos
28:CF:DA,"Apple, Inc.",macos
40:30:04,"Apple, Inc.",macos
40:3C:FC,"Apple, Inc.",macos
48:60:BC,"Apple, Inc.",macos
A4:D1:D2,"Apple, Inc.",macos
B8:C7:5D,"Apple, Inc.",macos
E8:04:0B,"Apple, Inc.",macos
14:8F:C6,"Apple, Inc.",macos
28:6A:B8,"Apple, Inc.",macos
34:51:C9,"Apple, Inc.",macos
28:37:37,"Apple, Inc.",macos
40:6C:8F,"Apple, Inc.",macos
50:EA:D6,"Apple, Inc.",macos
28:E0:2C,"Apple, Inc.",macos
60:C5:47,"Apple, Inc.",macos
D0:23:DB,"Apple, Inc.",macos
E0:B9:BA,"Apple, Inc.",macos
00:C6:10,"Apple, Inc.",macos
04:54:53,"Apple, Inc.",macos
70:DE:E2,"Apple, Inc.",macos
B8:8D:12,"Apple, Inc.",macos
68:A8:6D,"Apple, Inc.",macos
7C:11:BE,"Apple, Inc.",macos
B8:17:C2,"Apple, Inc.",macos
F0:CB:A1,"Apple, Inc.",macos
28:6A:BA,"Apple, Inc.",macos
18:20:32,"Apple, Inc.",macos
3C:D0:F8,"Apple, Inc.",macos
78:A3:E4,"Apple, Inc.",macos
7C:C3:A1,"Apple, Inc.",macos
60:FA:CD,"Apple, Inc.",macos
68:09:27,"Apple, Inc.",macos
70:73:CB,"Apple, Inc.",macos
98:D6:BB,"Apple, Inc.",macos
00:3E:E1,"Apple, Inc.",macos
10:40:F3,"Apple, Inc.",macos
1C:AB:A7,"Apple, Inc.",macos
6C:C2:6B,"Apple, Inc.",macos
18:34:51,"Apple, Inc.",macos
44:D8:84,"Apple, Inc.",macos
64:20:0C,"Apple, Inc.",macos
C0:84:7A,"Apple, Inc.",macos
FC:25:3F,"Apple, Inc.",macos
00:F4:B9,"Apple, Inc.",macos
0C:77:1A,"Apple, Inc.",macos
74:E1:B6,"Apple, Inc.",macos
EC:85:2F,"Apple, Inc.",macos
4C:B1:99,"Apple, Inc.",macos
64:E6:82,"Apple, Inc.",macos
B8:F6:B1,"Apple, Inc.",macos
C8:33:4B,"Apple, Inc.",macos
F0:FB:56,"Apple, Inc.",macos
18:9E:FC,"Apple, Inc.",macos
5C:95:AE,"Apple, Inc.",macos
70:56:81,"Apple, Inc.",macos
7C:D1:C3,"Apple, Inc.",macos
80:49:71,"Apple, Inc.",macos
84:29:99,"Apple, Inc.",macos
8C:FA:BA,"Apple, Inc.",macos
9C:20:7B,"Apple, Inc.",macos
C0:9F:42,"Apple, Inc.",macos
F0:DC:E2,"Apple, Inc.",macos
B0:65:BD,"Apple, Inc.",macos
C4:6A:B7,Xiaomi Communications Co Ltd,android
6C:3E:6D,"Apple, Inc.",macos
74:E2:F5,"Apple, Inc.",macos
A8:20:66,"Apple, Inc.",macos
BC:67:78,"Apple, Inc.",macos
20:C9:D0,"Apple, Inc.",macos
68:96:7B,"Apple, Inc.",macos
BC:52:B7,"Apple, Inc.",macos
E0:C9:7A,"Apple, Inc.",macos
14:10:9F,"Apple, Inc.",macos
84:85:06,"Apple, Inc.",macos
8C:2D:AA,"Apple, Inc.",macos
98:FE:94,"Apple, Inc.",macos
44:4C:0C,"Apple, Inc.",macos
04:F7:E4,"Apple, Inc.",macos
10:DD:B1,"Apple, Inc.",macos
34:C0:59,"Apple, Inc.",macos
54:26:96,"Apple, Inc.",macos
5C:96:9D,"Apple, Inc.",macos
80:92:9F,"Apple, Inc.",macos
84:FC:FE,"Apple, Inc.",macos
88:53:95,"Apple, Inc.",macos
98:B8:E3,"Apple, Inc.",macos
9C:04:EB,"Apple, Inc.",macos
A8:96:8A,"Apple, Inc.",macos
A8:FA:D8,"Apple, Inc.",macos
B4:F0:AB,"Apple, Inc.",macos
D8:00:4D,"Apple, Inc.",macos
D8:D1:CB,"Apple, Inc.",macos
E4:8B:7F,"Apple, Inc.",macos
00:88:65,"Apple, Inc.",macos
04:15:52,"Apple, Inc.",macos
04:26:65,"Apple, Inc.",macos
20:7D:74,"Apple, Inc.",macos
28:CF:E9,"Apple, Inc.",macos
30:90:AB,"Apple, Inc.",macos
30:F7:C5,"Apple, Inc.",macos
38:48:4C,"Apple, Inc.",macos
3C:E0:72,"Apple, Inc.",macos
40:B3:95,"Apple, Inc.",macos
44:FB:42,"Apple, Inc.",macos
4C:8D:79,"Apple, Inc.",macos
60:FE:C5,"Apple, Inc.",macos
64:A3:CB,"Apple, Inc.",macos
70:11:24,"Apple, Inc.",macos
78:6C:1C,"Apple, Inc.",macos
7C:FA:DF,"Apple, Inc.",macos
88:CB:87,"Apple, Inc.",macos
8C:0E:E3,"GUANGDONG OPPO MOBILE TELECOMMUNICATIONS CORP.,LTD",android
94:94:26,"Apple, Inc.",macos
AC:3C:0B,"Apple, Inc.",macos
AC:F7:F3,Xiaomi Communications Co Ltd,android
BC:3B:AF,"Apple, Inc.",macos
BC:92:6B,"Apple, Inc.",macos
C8:6F:1D,"Apple, Inc.",macos
CC:78:5F,"Apple, Inc.",macos
E4:25:E7,"Apple, Inc.",macos
E8:8D:28,"Apple, Inc.",macos
EC:35:86,"Apple, Inc.",macos
F0:D1:A9,"Apple, Inc.",macos
F4:1B:A1,"Apple, Inc.",macos
F4:F1:5A,"Apple, Inc.",macos
10:1C:0C,"Apple, Inc.",macos
1C:E6:2B,"Apple, Inc.",macos
2C:B4:3A,"Apple, Inc.",macos
68:5B:35,"Apple, Inc.",macos
A0:ED:CD,"Apple, Inc.",macos
B8:78:2E,"Apple, Inc.",macos
E0:F5:C6,"Apple, Inc.",macos
38:0F:4A,"Apple, Inc.",macos
68:9C:70,"Apple, Inc.",macos
88:1F:A1,"Apple, Inc.",macos
04:E5:36,"Apple, Inc.",macos
08:70:45,"Apple, Inc.",macos
84:38:35,"Apple, Inc.",macos
C8:E0:EB,"Apple, Inc.",macos
F4:F9:51,"Apple, Inc.",macos
A8:88:08,"Apple, Inc.",macos
C0:63:94,"Apple, Inc.",macos
18:AF:8F,"Apple, Inc.",macos
8C:00:6D,"Apple, Inc.",macos
A4:C3:61,"Apple, Inc.",macos
A8:BB:CF,"Apple, Inc.",macos
C8:B5:B7,"Apple, Inc.",macos
90:72:40,"Apple, Inc.",macos
90:B2:1F,"Apple, Inc.",macos
AC:7F:3E,"Apple, Inc.",macos
B0:9F:BA,"Apple, Inc.",macos
B8:E8:56,"Apple, Inc.",macos
F8:A4:5F,Xiaomi Communications Co Ltd,android
0C:30:21,"Apple, Inc.",macos
0C:4D:E9,"Apple, Inc.",macos
28:0B:5C,"Apple, Inc.",macos
D8:96:95,"Apple, Inc.",macos
30:10:E4,"Apple, Inc.",macos
54:EA:A8,"Apple, Inc.",macos
A8:86:DD,"Apple, Inc.",macos
04:DB:56,"Apple, Inc.",macos
18:AF:61,"Apple, Inc.",macos
28:E1:4C,"Apple, Inc.",macos
54:E4:3A,"Apple, Inc.",macos
5C:F9:38,"Apple, Inc.",macos
60:69:44,"Apple, Inc.",macos
DC:86:D8,"Apple, Inc.",macos
E4:98:D6,"Apple, Inc.",macos
E4:C6:3D,"Apple, Inc.",macos
E8:BB:A8,"GUANGDONG OPPO MOBILE TELECOMMUNICATIONS CORP.,LTD",android
F0:C1:F1,"Apple, Inc.",macos
F8:27:93,"Apple, Inc.",macos
04:F1:3E,"Apple, Inc.",macos
0C:3E:9F,"Apple, Inc.",macos
14:99:E2,"Apple, Inc.",macos
24:A2:E1,"Apple, Inc.",macos
60:03:08,"Apple, Inc.",macos
80:EA:96,"Apple, Inc.",macos
8C:29:37,"Apple, Inc.",macos
8C:BE:BE,Xiaomi Communications Co Ltd,android
90:B9:31,"Apple, Inc.",macos
98:F0:AB,"Apple, Inc.",macos
AC:FD:EC,"Apple, Inc.",macos
B4:18:D1,"Apple, Inc.",macos
D0:E1:40,"Apple, Inc.",macos
DC:9B:9C,"Apple, Inc.",macos
F0:F6:1C,"Apple, Inc.",macos
48:74:6E,"Apple, Inc.",macos
54:72:4F,"Apple, Inc.",macos
54:AE:27,"Apple, Inc.",macos
78:31:C1,"Apple, Inc.",macos
80:00:6E,"Apple, Inc.",macos
84:8E:0C,"Apple, Inc.",macos
8C:7C:92,"Apple, Inc.",macos
AC:CF:5C,"Apple, Inc.",macos
B0:34:95,"Apple, Inc.",macos
F0:DB:F8,"Apple, Inc.",macos
F4:37:B7,"Apple, Inc.",macos
34:E2:FD,"Apple, Inc.",macos
3C:15:C2,"Apple, Inc.",macos
60:D9:C7,"Apple, Inc.",macos
64:76:BA,"Apple, Inc.",macos
68:DF:DD,Xiaomi Communications Co Ltd,android
6C:70:9F,"Apple, Inc.",macos
04:48:9A,"Apple, Inc.",macos
1C:1A:C0,"Apple, Inc.",macos
3C:AB:8E,"Apple, Inc.",macos
60:92:17,"Apple, Inc.",macos
84:B1:53,"Apple, Inc.",macos
C8:F6:50,"Apple, Inc.",macos
D8:CF:9C,"Apple, Inc.",macos
A4:3D:78,"GUANGDONG OPPO MOBILE TELECOMMUNICATIONS CORP.,LTD",android
D4:97:0B,Xiaomi Communications Co Ltd,android
48:D7:05,"Apple, Inc.",macos
78:3A:84,"Apple, Inc.",macos
7C:6D:F8,"Apple, Inc.",macos
E0:66:78,"Apple, Inc.",macos
2C:BE:08,"Apple, Inc.",macos
5C:8D:4E,"Apple, Inc.",macos
78:FD:94,"Apple, Inc.",macos
88:63:DF,"Apple, Inc.",macos
14:F6:5A,Xiaomi Communications Co Ltd,android
64:09:80,Xiaomi Communications Co Ltd,android
00:9E:C8,Xiaomi Communications Co Ltd,android
24:E3:14,"Apple, Inc.",macos
28:E3:1F,Xiaomi Communications Co Ltd,android
A8:8E:24,"Apple, Inc.",macos
C0:EE:FB,OnePlus Tech (Shenzhen) Ltd,android
C0:F2:FB,"Apple, Inc.",macos
E8:80:2E,"Apple, Inc.",macos
00:61:71,"Apple, Inc.",macos
00:F7:6F,"Apple, Inc.",macos
0C:1D:AF,Xiaomi Communications Co Ltd,android
2C:F0:EE,"Apple, Inc.",macos
5C:97:F3,"Apple, Inc.",macos
64:B4:73,Xiaomi Communications Co Ltd,android
68:AE:20,"Apple, Inc.",macos
68:D9:3C,"Apple, Inc.",macos
6C:40:08,"Apple, Inc.",macos
80:E6:50,"Apple, Inc.",macos
84:78:8B,"Apple, Inc.",macos
90:FD:61,"Apple, Inc.",macos
A0:93:47,"GUANGDONG OPPO MOBILE TELECOMMUNICATIONS CORP.,LTD",android
AC:87:A3,"Apple, Inc.",macos
C8:85:50,"Apple, Inc.",macos
10:F6:81,"vivo Mobile Communication Co., Ltd.",android
80:BE:05,"Apple, Inc.",macos
98:FA:E3,Xiaomi Communications Co Ltd,android
D4:F4:6F,"Apple, Inc.",macos
E0:B5:2D,"Apple, Inc.",macos
6C:94:F8,"Apple, Inc.",macos
70:3E:AC,"Apple, Inc.",macos
D0:4F:7E,"Apple, Inc.",macos
D8:BB:2C,"Apple, Inc.",macos
34:A3:95,"Apple, Inc.",macos
48:43:7C,"Apple, Inc.",macos
78:7E:61,"Apple, Inc.",macos
7C:1D:D9,Xiaomi Communications Co Ltd,android
9C:F3:87,"Apple, Inc.",macos
84:CF:BF,Fairphone,android
20:A2:E4,"Apple, Inc.",macos
24:A0:74,"Apple, Inc.",macos
60:F8:1D,"Apple, Inc.",macos
A8:5B:78,"Apple, Inc.",macos
F0:24:75,"Apple, Inc.",macos
2C:1F:23,"Apple, Inc.",macos
54:9F:13,"Apple, Inc.",macos
90:8D:6C,"Apple, Inc.",macos
B8:09:8A,"Apple, Inc.",macos
F0:DB:E2,"Apple, Inc.",macos
0C:15:39,"Apple, Inc.",macos
18:59:36,Xiaomi Communications Co Ltd,android
18:EE:69,"Apple, Inc.",macos
4C:7C:5F,"Apple, Inc.",macos
5C:F5:DA,"Apple, Inc.",macos
C0:1A:DA,"Apple, Inc.",macos
00:CD:FE,"Apple, Inc.",macos
BC:3A:EA,"GUANGDONG OPPO MOBILE TELECOMMUNICATIONS CORP.,LTD",android
CC:44:63,"Apple, Inc.",macos
6C:72:E7,"Apple, Inc.",macos
9C:99:A0,Xiaomi Communications Co Ltd,android
CC:C7:60,"Apple, Inc.",macos
08:74:02,"Apple, Inc.",macos
28:5A:EB,"Apple, Inc.",macos
28:F0:76,"Apple, Inc.",macos
34:36:3B,"Apple, Inc.",macos
C8:1E:E7,"Apple, Inc.",macos
9C:FC:01,"Apple, Inc.",macos
AC:BC:32,"Apple, Inc.",macos
28:FA:A0,"vivo Mobile Communication Co., Ltd.",android
3C:A3:48,"vivo Mobile Communication Co., Ltd.",android
F4:29:81,"vivo Mobile Communication Co., Ltd.",android
0C:D7:46,"Apple, Inc.",macos
44:00:10,"Apple, Inc.",macos
04:52:F3,"Apple, Inc.",macos
24:1E:EB,"Apple, Inc.",macos
F4:31:C3,"Apple, Inc.",macos
2C:5B:B8,"GUANGDONG OPPO MOBILE TELECOMMUNICATIONS CORP.,LTD",android
64:A5:C3,"Apple, Inc.",macos
F0:B4:29,Xiaomi Communications Co Ltd,android
98:5A:EB,"Apple, Inc.",macos
20:78:F0,"Apple, Inc.",macos
78:D7:5F,"Apple, Inc.",macos
E0:AC:CB,"Apple, Inc.",macos
98:E0:D9,"Apple, Inc.",macos
C0:CE:CD,"Apple, Inc.",macos
70:E7:2C,"Apple, Inc.",macos
D0:33:11,"Apple, Inc.",macos
BC:4C:C4,"Apple, Inc.",macos
0C:BC:9F,"Apple, Inc.",macos
A4:5E:60,"Apple, Inc.",macos
54:4E:90,"Apple, Inc.",macos
5C:AD:CF,"Apple, Inc.",macos
00:6D:52,"Apple, Inc.",macos
BC:54:36,"Apple, Inc.",macos
38:71:DE,"Apple, Inc.",macos
A8:1B:5A,"GUANGDONG OPPO MOBILE TELECOMMUNICATIONS CORP.,LTD",android
F4:8B:32,Xiaomi Communications Co Ltd,android
94:E9:6A,"Apple, Inc.",macos
AC:29:3A,"Apple, Inc.",macos
10:41:7F,"Apple, Inc.",macos
70:14:A6,"Apple, Inc.",macos
A8:66:7F,"Apple, Inc.",macos
D0:25:98,"Apple, Inc.",macos
CC:29:F5,"Apple, Inc.",macos
64:9A:BE,"Apple, Inc.",macos
B8:44:D9,"Apple, Inc.",macos
DC:2B:2A,"Apple, Inc.",macos
EC:DF:3A,"vivo Mobile Communication Co., Ltd.",android
E4:5A:A2,"vivo Mobile Communication Co., Ltd.",android
DC:6D:CD,"GUANGDONG OPPO MOBILE TELECOMMUNICATIONS CORP.,LTD",android
6C:8D:C1,"Apple, Inc.",macos
38:CA:DA,"Apple, Inc.",macos
68:DB:CA,"Apple, Inc.",macos
04:4B:ED,"Apple, Inc.",macos
A4:D1:8C,"Apple, Inc.",macos
CC:25:EF,"Apple, Inc.",macos
A0:86:C6,Xiaomi Communications Co Ltd,android
58:44:98,Xiaomi Communications Co Ltd,android
78:9F:70,"Apple, Inc.",macos
DC:37:14,"Apple, Inc.",macos
40:33:1A,"Apple, Inc.",macos
94:F6:A3,"Apple, Inc.",macos
D8:1D:72,"Apple, Inc.",macos
70:EC:E4,"Apple, Inc.",macos
38:C9:86,"Apple, Inc.",macos
FC:FC:48,"Apple, Inc.",macos
48:E9:F1,"Apple, Inc.",macos
FC:E9:98,"Apple, Inc.",macos
F0:99:BF,"Apple, Inc.",macos
68:64:4B,"Apple, Inc.",macos
20:9B:CD,"Apple, Inc.",macos
F0:B0:E7,"Apple, Inc.",macos
CC:20:E8,"Apple, Inc.",macos
C4:66:99,"vivo Mobile Communication Co., Ltd.",android
28:ED:6A,"Apple, Inc.",macos
34:AB:37,"Apple, Inc.",macos
60:A3:7D,"Apple, Inc.",macos
00:56:CD,"Apple, Inc.",macos
70:81:EB,"Apple, Inc.",macos
08:66:98,"Apple, Inc.",macos
FC:64:BA,Xiaomi Communications Co Ltd,android
90:60:F1,"Apple, Inc.",macos
74:1B:B2,"Apple, Inc.",macos
74:51:BA,Xiaomi Communications Co Ltd,android
34:80:B3,Xiaomi Communications Co Ltd,android
A4:31:35,"Apple, Inc.",macos
9C:35:EB,"Apple, Inc.",macos
50:7A:55,"Apple, Inc.",macos
A0:99:9B,"Apple, Inc.",macos
24:24:0E,"Apple, Inc.",macos
90:3C:92,"Apple, Inc.",macos
34:12:98,"Apple, Inc.",macos
9C:29:3F,"Apple, Inc.",macos
74:81:14,"Apple, Inc.",macos
18:F6:43,"Apple, Inc.",macos
D0:A6:37,"Apple, Inc.",macos
A0:18:28,"Apple, Inc.",macos
D0:03:4B,"Apple, Inc.",macos
7C:01:91,"Apple, Inc.",macos
70:48:0F,"Apple, Inc.",macos
A4:B8:05,"Apple, Inc.",macos
58:7F:57,"Apple, Inc.",macos
80:D6:05,"Apple, Inc.",macos
C8:69:CD,"Apple, Inc.",macos
BC:6C:21,"Apple, Inc.",macos
04:69:F8,"Apple, Inc.",macos
20:82:C0,Xiaomi Communications Co Ltd,android
C8:F2:30,"GUANGDONG OPPO MOBILE TELECOMMUNICATIONS CORP.,LTD",android
AC:61:EA,"Apple, Inc.",macos
38:B5:4D,"Apple, Inc.",macos
A4:F1:E8,"Apple, Inc.",macos
1C:9E:46,"Apple, Inc.",macos
F0:1B:6C,"vivo Mobile Communication Co., Ltd.",android
E0:C7:67,"Apple, Inc.",macos
9C:4F:DA,"Apple, Inc.",macos
1C:5C:F2,"Apple, Inc.",macos
E4:9A:79,"Apple, Inc.",macos
28:A0:2B,"Apple, Inc.",macos
B4:4B:D2,"Apple, Inc.",macos
B4:8B:19,"Apple, Inc.",macos
F4:5C:89,"Apple, Inc.",macos
10:2A:B3,Xiaomi Communications Co Ltd,android
BC:EC:5D,"Apple, Inc.",macos
DC:41:5F,"Apple, Inc.",macos
30:63:6B,"Apple, Inc.",macos
FC:1A:11,"vivo Mobile Communication Co., Ltd.",android
20:76:8F,"Apple, Inc.",macos
C0:CC:F8,"Apple, Inc.",macos
80:ED:2C,"Apple, Inc.",macos
E8:B2:AC,"Apple, Inc.",macos
84:89:AD,"Apple, Inc.",macos
DC:1A:C5,"vivo Mobile Communication Co., Ltd.",android
64:CC:2E,Xiaomi Communications Co Ltd,android
3C:B6:B7,"vivo Mobile Communication Co., Ltd.",android
68:FB:7E,"Apple, Inc.",macos
90:C1:C6,"Apple, Inc.",macos
70:A2:B3,"Apple, Inc.",macos
4C:57:CA,"Apple, Inc.",macos
A8:60:B6,"Apple, Inc.",macos
24:F0:94,"Apple, Inc.",macos
90:B0:ED,"Apple, Inc.",macos
C4:B3:01,"Apple, Inc.",macos
E0:5F:45,"Apple, Inc.",macos
48:3B:38,"Apple, Inc.",macos
EC:AD:B8,"Apple, Inc.",macos
98:01:A7,"Apple, Inc.",macos
2C:F0:A2,"Apple, Inc.",macos
04:D3:CF,"Apple, Inc.",macos
0C:51:01,"Apple, Inc.",macos
08:6D:41,"Apple, Inc.",macos
8C:8E:F2,"Apple, Inc.",macos
F4:0F:24,"Apple, Inc.",macos
84:A1:34,"Apple, Inc.",macos
1C:91:48,"Apple, Inc.",macos
B0:E2:35,Xiaomi Communications Co Ltd,android
1C:77:F6,"GUANGDONG OPPO MOBILE TELECOMMUNICATIONS CORP.,LTD",android
9C:A5:C0,"vivo Mobile Communication Co., Ltd.",android
E0:DD:C0,"vivo Mobile Communication Co., Ltd.",android
44:04:44,"GUANGDONG OPPO MOBILE TELECOMMUNICATIONS CORP.,LTD",android
88:6A:B1,"vivo Mobile Communication Co., Ltd.",android
74:23:44,Xiaomi Communications Co Ltd,android
20:5D:47,"vivo Mobile Communication Co., Ltd.",android
C0:9F:05,"GUANGDONG OPPO MOBILE TELECOMMUNICATIONS CORP.,LTD",android
9C:F4:8E,"Apple, Inc.",macos
FC:D8:48,"Apple, Inc.",macos
88:E8:7F,"Apple, Inc.",macos
B8:53:AC,"Apple, Inc.",macos
2C:33:61,"Apple, Inc.",macos
38:A4:ED,Xiaomi Communications Co Ltd,android
60:9A:C1,"Apple, Inc.",macos
F0:79:60,"Apple, Inc.",macos
9C:8B:A0,"Apple, Inc.",macos
CC:2D:83,"GUANGDONG OPPO MOBILE TELECOMMUNICATIONS CORP.,LTD",android
4C:32:75,"Apple, Inc.",macos
20:3C:AE,"Apple, Inc.",macos
74:8D:08,"Apple, Inc.",macos
A0:3B:E3,"Apple, Inc.",macos
18:E2:9F,"vivo Mobile Communication Co., Ltd.",android
5C:F7:E6,"Apple, Inc.",macos
A0:D7:95,"Apple, Inc.",macos
CC:08:8D,"Apple, Inc.",macos
9C:FB:D5,"vivo Mobile Communication Co., Ltd.",android
6C:5C:14,"GUANGDONG OPPO MOBILE TELECOMMUNICATIONS CORP.,LTD",android
AC:C1:EE,Xiaomi Communications Co Ltd,android
54:19:C8,"vivo Mobile Communication Co., Ltd.",android
70:70:0D,"Apple, Inc.",macos
1C:48:CE,"GUANGDONG OPPO MOBILE TELECOMMUNICATIONS CORP.,LTD",android
40:4D:7F,"Apple, Inc.",macos
7C:04:D0,"Apple, Inc.",macos
BC:9F:EF,"Apple, Inc.",macos
88:66:A5,"Apple, Inc.",macos
78:4F:43,"Apple, Inc.",macos
58:40:4E,"Apple, Inc.",macos
DC:0C:5C,"Apple, Inc.",macos
2C:20:0B,"Apple, Inc.",macos
E4:E4:AB,"Apple, Inc.",macos
64:B0:A6,"Apple, Inc.",macos
84:FC:AC,"Apple, Inc.",macos
6C:19:C0,"Apple, Inc.",macos
20:AB:37,"Apple, Inc.",macos
18:65:90,"Apple, Inc.",macos
B0:70:2D,"Apple, Inc.",macos
D0:C5:F3,"Apple, Inc.",macos
60:F4:45,"Apple, Inc.",macos
00:B3:62,"Apple, Inc.",macos
F8:62:14,"Apple, Inc.",macos
94:65:2D,"OnePlus Technology (Shenzhen) Co., Ltd",android
E4:47:90,"GUANGDONG OPPO MOBILE TELECOMMUNICATIONS CORP.,LTD",android
3C:BD:3E,"Beijing Xiaomi Electronics Co., Ltd.",android
08:23:B2,"vivo Mobile Communication Co., Ltd.",android
78:02:F8,Xiaomi Communications Co Ltd,android
7C:50:49,"Apple, Inc.",macos
38:29:5A,"GUANGDONG OPPO MOBILE TELECOMMUNICATIONS CORP.,LTD",android
DC:A4:CA,"Apple, Inc.",macos
8C:8F:E9,"Apple, Inc.",macos
EC:01:EE,"GUANGDONG OPPO MOBILE TELECOMMUNICATIONS CORP.,LTD",android
60:91:F3,"vivo Mobile Communication Co., Ltd.",android
50:82:D5,"Apple, Inc.",macos
9C:84:BF,"Apple, Inc.",macos
BC:2F:3D,"vivo Mobile Communication Co., Ltd.",android
D4:61:9D,"Apple, Inc.",macos
B0:48:1A,"Apple, Inc.",macos
98:9E:63,"Apple, Inc.",macos
DC:A9:04,"Apple, Inc.",macos
48:A1:95,"Apple, Inc.",macos
6C:AB:31,"Apple, Inc.",macos
50:32:37,"Apple, Inc.",macos
C4:0B:CB,Xiaomi Communications Co Ltd,android
70:F0:87,"Apple, Inc.",macos
88:6B:6E,"Apple, Inc.",macos
4C:74:BF,"Apple, Inc.",macos
98:10:E8,"Apple, Inc.",macos
B4:9C:DF,"Apple, Inc.",macos
F4:70:AB,"vivo Mobile Communication Co., Ltd.",android
4C:1A:3D,"GUANGDONG OPPO MOBILE TELECOMMUNICATIONS CORP.,LTD",android
C0:D0:12,"Apple, Inc.",macos
D4:DC:CD,"Apple, Inc.",macos
48:4B:AA,"Apple, Inc.",macos
F8:03:77,"Apple, Inc.",macos
14:BD:61,"Apple, Inc.",macos
B8:37:65,"GUANGDONG OPPO MOBILE TELECOMMUNICATIONS CORP.,LTD",android
48:BF:6B,"Apple, Inc.",macos
24:5B:A7,"Apple, Inc.",macos
BC:A9:20,"Apple, Inc.",macos
1C:DA:27,"vivo Mobile Communication Co., Ltd.",android
70:D9:23,"vivo Mobile Communication Co., Ltd.",android
D4:50:3F,"GUANGDONG OPPO MOBILE TELECOMMUNICATIONS CORP.,LTD",android
EC:F3:42,"GUANGDONG OPPO MOBILE TELECOMMUNICATIONS CORP.,LTD",android
C4:AB:B2,"vivo Mobile Communication Co., Ltd.",android
88:D5:0C,"GUANGDONG OPPO MOBILE TELECOMMUNICATIONS CORP.,LTD",android
F4:B7:B3,"vivo Mobile Communication Co., Ltd.",android
98:6F:60,"GUANGDONG OPPO MOBILE TELECOMMUNICATIONS CORP.,LTD",android
4C:18:9A,"GUANGDONG OPPO MOBILE TELECOMMUNICATIONS CORP.,LTD",android
3C:F5:91,"GUANGDONG OPPO MOBILE TELECOMMUNICATIONS CORP.,LTD",android
60:21:01,"GUANGDONG OPPO MOBILE TELECOMMUNICATIONS CORP.,LTD",android
70:78:8B,"vivo Mobile Communication Co., Ltd.",android
94:14:7A,"vivo Mobile Communication Co., Ltd.",android
00:EC:0A,Xiaomi Communications Co Ltd,android
30:84:54,"GUANGDONG OPPO MOBILE TELECOMMUNICATIONS CORP.,LTD",android
94:D0:29,"GUANGDONG OPPO MOBILE TELECOMMUNICATIONS CORP.,LTD",android
4C:49:E3,Xiaomi Communications Co Ltd,android
A8:BE:27,"Apple, Inc.",macos
B8:63:4D,"Apple, Inc.",macos
6C:96:CF,"Apple, Inc.",macos
30:35:AD,"Apple, Inc.",macos
90:AD:F7,"vivo Mobile Communication Co., Ltd.",android
EC:D0:9F,Xiaomi Communications Co Ltd,android
84:41:67,"Apple, Inc.",macos
B4:F6:1C,"Apple, Inc.",macos
08:4A:CF,"GUANGDONG OPPO MOBILE TELECOMMUNICATIONS CORP.,LTD",android
1C:DD:EA,"GUANGDONG OPPO MOBILE TELECOMMUNICATIONS CORP.,LTD",android
A4:E9:75,"Apple, Inc.",macos
C0:A5:3E,"Apple, Inc.",macos
98:00:C6,"Apple, Inc.",macos
78:7B:8A,"Apple, Inc.",macos
38:66:F0,"Apple, Inc.",macos
20:EE:28,"Apple, Inc.",macos
08:F4:AB,"Apple, Inc.",macos
8C:85:90,"Apple, Inc.",macos
50:8F:4C,Xiaomi Communications Co Ltd,android
78:88:6D,"Apple, Inc.",macos
A8:5C:2C,"Apple, Inc.",macos
00:DB:70,"Apple, Inc.",macos
38:6E:A2,"vivo Mobile Communication Co., Ltd.",android
B0:19:C6,"Apple, Inc.",macos
58:E2:8F,"Apple, Inc.",macos
AC:1F:74,"Apple, Inc.",macos
F4:F5:DB,Xiaomi Communications Co Ltd,android
E4:46:DA,Xiaomi Communications Co Ltd,android
EC:51:BC,"GUANGDONG OPPO MOBILE TELECOMMUNICATIONS CORP.,LTD",android
F0:79:E8,"GUANGDONG OPPO MOBILE TELECOMMUNICATIONS CORP.,LTD",android
DC:55:83,"GUANGDONG OPPO MOBILE TELECOMMUNICATIONS CORP.,LTD",android
9C:E3:3F,"Apple, Inc.",macos
F0:98:9D,"Apple, Inc.",macos
AC:E4:B5,"Apple, Inc.",macos
E4:2B:34,"Apple, Inc.",macos
1C:36:BB,"Apple, Inc.",macos
3C:2E:FF,"Apple, Inc.",macos
F0:6D:78,"GUANGDONG OPPO MOBILE TELECOMMUNICATIONS CORP.,LTD",android
E4:9A:DC,"Apple, Inc.",macos
B8:C1:11,"Apple, Inc.",macos
34:08:BC,"Apple, Inc.",macos
B0:CA:68,"Apple, Inc.",macos
EC:7D:11,"vivo Mobile Communication Co., Ltd.",android
80:B0:3D,"Apple, Inc.",macos
C8:3C:85,"Apple, Inc.",macos
A0:4E:A7,"Apple, Inc.",macos
40:9C:28,"Apple, Inc.",macos
3C:A6:16,"vivo Mobile Communication Co., Ltd.",android
24:F6:77,"Apple, Inc.",macos
78:67:D7,"Apple, Inc.",macos
54:33:CB,"Apple, Inc.",macos
D0:D2:B0,"Apple, Inc.",macos
D8:8F:76,"Apple, Inc.",macos
3C:2E:F9,"Apple, Inc.",macos
3C:A5:81,"vivo Mobile Communication Co., Ltd.",android
34:E9:11,"vivo Mobile Communication Co., Ltd.",android
18:F0:E4,Xiaomi Communications Co Ltd,android
70:47:E9,"vivo Mobile Communication Co., Ltd.",android
50:3C:EA,"GUANGDONG OPPO MOBILE TELECOMMUNICATIONS CORP.,LTD",android
04:B1:67,Xiaomi Communications Co Ltd,android
B8:07:16,"vivo Mobile Communication Co., Ltd.",android
D4:1A:3F,"GUANGDONG OPPO MOBILE TELECOMMUNICATIONS CORP.,LTD",android
0C:98:38,Xiaomi Communications Co Ltd,android
D8:63:75,Xiaomi Communications Co Ltd,android
F0:76:6F,"Apple, Inc.",macos
40:CB:C0,"Apple, Inc.",macos
40:98:AD,"Apple, Inc.",macos
6C:4D:73,"Apple, Inc.",macos
C4:84:66,"Apple, Inc.",macos
D0:2B:20,"Apple, Inc.",macos
D0:81:7A,"Apple, Inc.",macos
C4:61:8B,"Apple, Inc.",macos
68:AB:1E,"Apple, Inc.",macos
2C:61:F6,"Apple, Inc.",macos
98:CA:33,"Apple, Inc.",macos
68:EF:43,"Apple, Inc.",macos
CC:2D:B7,"Apple, Inc.",macos
D4:A3:3D,"Apple, Inc.",macos
E4:E0:A6,"Apple, Inc.",macos
70:EF:00,"Apple, Inc.",macos
08:E6:89,"Apple, Inc.",macos
DC:56:E7,"Apple, Inc.",macos
34:7C:25,"Apple, Inc.",macos
D4:90:9C,"Apple, Inc.",macos
38:E6:0A,Xiaomi Communications Co Ltd,android
94:63:72,"vivo Mobile Communication Co., Ltd.",android
44:9E:F9,"vivo Mobile Communication Co., Ltd.",android
04:D1:3A,Xiaomi Communications Co Ltd,android
58:7A:6A,"GUANGDONG OPPO MOBILE TELECOMMUNICATIONS CORP.,LTD",android
E4:C4:83,"GUANGDONG OPPO MOBILE TELECOMMUNICATIONS CORP.,LTD",android
80:AD:16,Xiaomi Communications Co Ltd,android
0C:F3:46,Xiaomi Communications Co Ltd,android
9C:2E:A1,Xiaomi Communications Co Ltd,android
C0:B6:58,"Apple, Inc.",macos
88:19:08,"Apple, Inc.",macos
FC:2A:9C,"Apple, Inc.",macos
30:D9:D9,"Apple, Inc.",macos
60:30:D4,"Apple, Inc.",macos
94:BF:2D,"Apple, Inc.",macos
C4:98:80,"Apple, Inc.",macos
E0:33:8E,"Apple, Inc.",macos
68:FE:F7,"Apple, Inc.",macos
BC:E1:43,"Apple, Inc.",macos
64:5A:ED,"Apple, Inc.",macos
D4:61:DA,"Apple, Inc.",macos
C8:D0:83,"Apple, Inc.",macos
88:E9:FE,"Apple, Inc.",macos
88:AE:07,"Apple, Inc.",macos
5C:09:47,"Apple, Inc.",macos
38:89:2C,"Apple, Inc.",macos
40:83:1D,"Apple, Inc.",macos
50:BC:96,"Apple, Inc.",macos
9C:E6:5E,"Apple, Inc.",macos
90:DD:5D,"Apple, Inc.",macos
08:F6:9C,"Apple, Inc.",macos
20:47:DA,Xiaomi Communications Co Ltd,android
80:35:C1,Xiaomi Communications Co Ltd,android
14:20:5E,"Apple, Inc.",macos
5C:1D:D9,"Apple, Inc.",macos
18:F1:D8,"Apple, Inc.",macos
F8:6F:C1,"Apple, Inc.",macos
F0:99:B6,"Apple, Inc.",macos
DC:D3:A2,"Apple, Inc.",macos
10:94:BB,"Apple, Inc.",macos
F0:18:98,"Apple, Inc.",macos
48:A9:1C,"Apple, Inc.",macos
A0:56:F3,"Apple, Inc.",macos
54:99:63,"Apple, Inc.",macos
28:FF:3C,"Apple, Inc.",macos
64:70:33,"Apple, Inc.",macos
84:68:78,"Apple, Inc.",macos
74:9E:AF,"Apple, Inc.",macos
B8:41:A4,"Apple, Inc.",macos
F8:95:EA,"Apple, Inc.",macos
50:A6:7F,"Apple, Inc.",macos
50:A0:09,Xiaomi Communications Co Ltd,android
9C:E8:2B,"vivo Mobile Communication Co., Ltd.",android
D8:32:E3,Xiaomi Communications Co Ltd,android
44:66:FC,"GUANGDONG OPPO MOBILE TELECOMMUNICATIONS CORP.,LTD",android
94:87:E0,Xiaomi Communications Co Ltd,android
78:36:CC,"GUANGDONG OPPO MOBILE TELECOMMUNICATIONS CORP.,LTD",android
4C:C0:0A,"vivo Mobile Communication Co., Ltd.",android
64:A2:F9,"OnePlus Technology (Shenzhen) Co., Ltd",android
20:A6:0C,Xiaomi Communications Co Ltd,android
7C:6B:9C,"GUANGDONG OPPO MOBILE TELECOMMUNICATIONS CORP.,LTD",android
1C:C3:EB,"GUANGDONG OPPO MOBILE TELECOMMUNICATIONS CORP.,LTD",android
08:25:25,Xiaomi Communications Co Ltd,android
F4:60:E2,Xiaomi Communications Co Ltd,android
20:F7:7C,"vivo Mobile Communication Co., Ltd.",android
E0:62:67,Xiaomi Communications Co Ltd,android
70:B7:AA,"vivo Mobile Communication Co., Ltd.",android
48:2C:A0,Xiaomi Communications Co Ltd,android
18:D7:17,"GUANGDONG OPPO MOBILE TELECOMMUNICATIONS CORP.,LTD",android
B4:CB:57,"GUANGDONG OPPO MOBILE TELECOMMUNICATIONS CORP.,LTD",android
7C:03:AB,Xiaomi Communications Co Ltd,android
14:C6:97,"GUANGDONG OPPO MOBILE TELECOMMUNICATIONS CORP.,LTD",android
E4:DB:6D,"Beijing Xiaomi Electronics Co., Ltd.",android
9C:0C:DF,"GUANGDONG OPPO MOBILE TELECOMMUNICATIONS CORP.,LTD",android
28:31:66,"vivo Mobile Communication Co., Ltd.",android
18:01:F1,Xiaomi Communications Co Ltd,android
88:F7:BF,"vivo Mobile Communication Co., Ltd.",android
1C:42:7D,"GUANGDONG OPPO MOBILE TELECOMMUNICATIONS CORP.,LTD",android
50:29:F5,"GUANGDONG OPPO MOBILE TELECOMMUNICATIONS CORP.,LTD",android
4C:56:9D,"Apple, Inc.",macos
14:C2:13,"Apple, Inc.",macos
38:53:9C,"Apple, Inc.",macos
58:E6:BA,"Apple, Inc.",macos
74:B5:87,"Apple, Inc.",macos
D8:1C:79,"Apple, Inc.",macos
8C:FE:57,"Apple, Inc.",macos
C0:A6:00,"Apple, Inc.",macos
E4:B2:FB,"Apple, Inc.",macos
F8:38:80,"Apple, Inc.",macos
24:1B:7A,"Apple, Inc.",macos
40:26:19,"Apple, Inc.",macos
BC:FE:D9,"Apple, Inc.",macos
80:82:23,"Apple, Inc.",macos
90:E1:7B,"Apple, Inc.",macos
18:81:0E,"Apple, Inc.",macos
60:8C:4A,"Apple, Inc.",macos
A4:D9:31,"Apple, Inc.",macos
FC:B6:D8,"Apple, Inc.",macos
6C:E8:5C,"Apple, Inc.",macos
90:C5:4A,"vivo Mobile Communication Co., Ltd.",android
E0:13:B5,"vivo Mobile Communication Co., Ltd.",android
A4:50:46,Xiaomi Communications Co Ltd,android
70:BB:E9,Xiaomi Communications Co Ltd,android
04:E5:98,Xiaomi Communications Co Ltd,android
70:3A:51,Xiaomi Communications Co Ltd,android
D8:CE:3A,Xiaomi Communications Co Ltd,android
B8:C7:4A,"GUANGDONG OPPO MOBILE TELECOMMUNICATIONS CORP.,LTD",android
2C:A9:F0,"GUANGDONG OPPO MOBILE TELECOMMUNICATIONS CORP.,LTD",android
F8:E9:4E,"Apple, Inc.",macos
F4:06:16,"Apple, Inc.",macos
BC:B8:63,"Apple, Inc.",macos
DC:08:0F,"Apple, Inc.",macos
F8:2D:7C,"Apple, Inc.",macos
9C:64:8B,"Apple, Inc.",macos
14:D0:0D,"Apple, Inc.",macos
FC:18:3C,"Apple, Inc.",macos
C0:E8:62,"Apple, Inc.",macos
EC:2C:E2,"Apple, Inc.",macos
64:C7:53,"Apple, Inc.",macos
FC:BE:7B,"vivo Mobile Communication Co., Ltd.",android
38:F9:D3,"Apple, Inc.",macos
44:E6:6E,"Apple, Inc.",macos
E8:36:17,"Apple, Inc.",macos
34:42:62,"Apple, Inc.",macos
C0:9A:D0,"Apple, Inc.",macos
B4:0F:B3,"vivo Mobile Communication Co., Ltd.",android
58:6B:14,"Apple, Inc.",macos
94:B0:1F,"Apple, Inc.",macos
94:F6:D6,"Apple, Inc.",macos
40:BC:60,"Apple, Inc.",macos
70:5E:55,Realme Chongqing MobileTelecommunications Corp Ltd,android
D4:67:D3,"GUANGDONG OPPO MOBILE TELECOMMUNICATIONS CORP.,LTD",android
A4:12:32,"GUANGDONG OPPO MOBILE TELECOMMUNICATIONS CORP.,LTD",android
58:C6:F0,"GUANGDONG OPPO MOBILE TELECOMMUNICATIONS CORP.,LTD",android
48:FD:A3,Xiaomi Communications Co Ltd,android
7C:03:5E,Xiaomi Communications Co Ltd,android
2C:5D:34,"GUANGDONG OPPO MOBILE TELECOMMUNICATIONS CORP.,LTD",android
C8:28:32,"Beijing Xiaomi Electronics Co., Ltd.",android
98:09:CF,"OnePlus Technology (Shenzhen) Co., Ltd",android
8C:5A:F8,"Beijing Xiaomi Electronics Co., Ltd.",android
88:5A:06,"GUANGDONG OPPO MOBILE TELECOMMUNICATIONS CORP.,LTD",android
C0:2E:25,"GUANGDONG OPPO MOBILE TELECOMMUNICATIONS CORP.,LTD",android
08:7F:98,"vivo Mobile Communication Co., Ltd.",android
D4:BB:C8,"vivo Mobile Communication Co., Ltd.",android
D8:1E:DD,"GUANGDONG OPPO MOBILE TELECOMMUNICATIONS CORP.,LTD",android
20:34:FB,Xiaomi Communications Co Ltd,android
48:95:07,"GUANGDONG OPPO MOBILE TELECOMMUNICATIONS CORP.,LTD",android
A8:9C:ED,Xiaomi Communications Co Ltd,android
14:9D:99,"Apple, Inc.",macos
98:46:0A,"Apple, Inc.",macos
AC:88:FD,"Apple, Inc.",macos
34:A8:EB,"Apple, Inc.",macos
80:4A:14,"Apple, Inc.",macos
B8:5D:0A,"Apple, Inc.",macos
94:16:25,"Apple, Inc.",macos
A4:83:E7,"Apple, Inc.",macos
F4:AF:E7,"Apple, Inc.",macos
7C:9A:1D,"Apple, Inc.",macos
54:62:E2,"Apple, Inc.",macos
44:18:FD,"Apple, Inc.",macos
70:3C:69,"Apple, Inc.",macos
B8:B2:F8,"Apple, Inc.",macos
00:5B:94,"Apple, Inc.",macos
88:B2:91,"Apple, Inc.",macos
CC:D2:81,"Apple, Inc.",macos
C4:2A:D0,"Apple, Inc.",macos
E0:89:7E,"Apple, Inc.",macos
10:30:25,"Apple, Inc.",macos
84:6F:CE,"GUANGDONG OPPO MOBILE TELECOMMUNICATIONS CORP.,LTD",android
48:83:B4,"GUANGDONG OPPO MOBILE TELECOMMUNICATIONS CORP.,LTD",android
50:EC:50,"Beijing Xiaomi Mobile Software Co., Ltd",android
E0:DC:FF,Xiaomi Communications Co Ltd,android
60:AB:67,Xiaomi Communications Co Ltd,android
24:79:F3,"GUANGDONG OPPO MOBILE TELECOMMUNICATIONS CORP.,LTD",android
C4:E3:9F,"GUANGDONG OPPO MOBILE TELECOMMUNICATIONS CORP.,LTD",android
E0:B6:55,"Beijing Xiaomi Electronics Co., Ltd.",android
A0:91:A2,"OnePlus Electronics (Shenzhen) Co., Ltd.",android
7C:D6:61,Xiaomi Communications Co Ltd,android
D0:9C:7A,Xiaomi Communications Co Ltd,android
5C:1C:B9,"vivo Mobile Communication Co., Ltd.",android
48:87:64,"vivo Mobile Communication Co., Ltd.",android
70:DD:A8,"GUANGDONG OPPO MOBILE TELECOMMUNICATIONS CORP.,LTD",android
4C:6F:9C,"GUANGDONG OPPO MOBILE TELECOMMUNICATIONS CORP.,LTD",android
BC:7F:A4,Xiaomi Communications Co Ltd,android
20:F4:78,Xiaomi Communications Co Ltd,android
90:78:B2,Xiaomi Communications Co Ltd,android
B4:C4:FC,Xiaomi Communications Co Ltd,android
F8:E7:A0,"vivo Mobile Communication Co., Ltd.",android
2C:FF:EE,"vivo Mobile Communication Co., Ltd.",android
04:C8:07,Xiaomi Communications Co Ltd,android
C8:3D:DC,Xiaomi Communications Co Ltd,android
30:94:35,"vivo Mobile Communication Co., Ltd.",android
08:B3:AF,"vivo Mobile Communication Co., Ltd.",android
44:23:7C,"Beijing Xiaomi Mobile Software Co., Ltd",android
4C:6B:E8,"Apple, Inc.",macos
CC:66:0A,"Apple, Inc.",macos
FC:1D:43,"Apple, Inc.",macos
8C:86:1E,"Apple, Inc.",macos
18:55:E3,"Apple, Inc.",macos
54:2B:8D,"Apple, Inc.",macos
B8:F1:2A,"Apple, Inc.",macos
88:64:40,"Apple, Inc.",macos
F8:87:F1,"Apple, Inc.",macos
C4:E1:A1,"GUANGDONG OPPO MOBILE TELECOMMUNICATIONS CORP.,LTD",android
F0:C3:71,"Apple, Inc.",macos
30:57:14,"Apple, Inc.",macos
14:95:CE,"Apple, Inc.",macos
E4:50:EB,"Apple, Inc.",macos
F4:0E:01,"Apple, Inc.",macos
60:70:C0,"Apple, Inc.",macos
C8:B1:CD,"Apple, Inc.",macos
60:8B:0E,"Apple, Inc.",macos
6C:D7:1F,"GUANGDONG OPPO MOBILE TELECOMMUNICATIONS CORP.,LTD",android
50:7A:C5,"Apple, Inc.",macos
50:DE:06,"Apple, Inc.",macos
14:60:CB,"Apple, Inc.",macos
58:20:59,Xiaomi Communications Co Ltd,android
28:16:7F,Xiaomi Communications Co Ltd,android
48:01:C5,"OnePlus Technology (Shenzhen) Co., Ltd",android
58:85:A2,Realme Chongqing MobileTelecommunications Corp Ltd,android
44:AE:AB,"GUANGDONG OPPO MOBILE TELECOMMUNICATIONS CORP.,LTD",android
A4:F0:5E,"GUANGDONG OPPO MOBILE TELECOMMUNICATIONS CORP.,LTD",android
EC:FA:5C,"Beijing Xiaomi Electronics Co., Ltd.",android
0C:20:D3,"vivo Mobile Communication Co., Ltd.",android
18:02:AE,"vivo Mobile Communication Co., Ltd.",android
1C:CC:D6,Xiaomi Communications Co Ltd,android
A4:45:19,Xiaomi Communications Co Ltd,android
58:85:E9,Realme Chongqing MobileTelecommunications Corp Ltd,android
F4:D6:20,"GUANGDONG OPPO MOBILE TELECOMMUNICATIONS CORP.,LTD",android
5C:66:6C,"GUANGDONG OPPO MOBILE TELECOMMUNICATIONS CORP.,LTD",android
DC:31:D1,"vivo Mobile Communication Co., Ltd.",android
50:D2:F5,"Beijing Xiaomi Mobile Software Co., Ltd",android
80:8A:8B,"vivo Mobile Communication Co., Ltd.",android
D8:A3:15,"vivo Mobile Communication Co., Ltd.",android
3C:86:D1,"vivo Mobile Communication Co., Ltd.",android
18:D0:C5,"GUANGDONG OPPO MOBILE TELECOMMUNICATIONS CORP.,LTD",android
A4:C9:39,"GUANGDONG OPPO MOBILE TELECOMMUNICATIONS CORP.,LTD",android
5C:E5:0C,"Beijing Xiaomi Mobile Software Co., Ltd",android
E8:5A:8B,Xiaomi Communications Co Ltd,android
E0:1F:88,Xiaomi Communications Co Ltd,android
20:31:1C,"vivo Mobile Communication Co., Ltd.",android
9C:F5:31,"GUANGDONG OPPO MOBILE TELECOMMUNICATIONS CORP.,LTD",android
6C:24:A6,"vivo Mobile Communication Co., Ltd.",android
9C:5F:5A,"GUANGDONG OPPO MOBILE TELECOMMUNICATIONS CORP.,LTD",android
B8:7B:C5,"Apple, Inc.",macos
40:70:F5,"Apple, Inc.",macos
B0:35:B5,"Apple, Inc.",macos
80:0C:67,"Apple, Inc.",macos
90:81:2A,"Apple, Inc.",macos
14:87:6A,"Apple, Inc.",macos
E0:B5:5F,"Apple, Inc.",macos
F8:FF:C2,"Apple, Inc.",macos
E0:EB:40,"Apple, Inc.",macos
28:77:F1,"Apple, Inc.",macos
F0:A3:5A,"Apple, Inc.",macos
60:83:73,"Apple, Inc.",macos
84:AD:8D,"Apple, Inc.",macos
74:42:8B,"Apple, Inc.",macos
3C:22:FB,"Apple, Inc.",macos
7C:A1:AE,"Apple, Inc.",macos
F0:78:07,"Apple, Inc.",macos
08:2C:B6,"Apple, Inc.",macos
F8:4E:73,"Apple, Inc.",macos
3C:CD:36,"Apple, Inc.",macos
A4:4B:D5,Xiaomi Communications Co Ltd,android
9C:6B:72,Realme Chongqing MobileTelecommunications Corp Ltd,android
E0:CC:F8,Xiaomi Communications Co Ltd,android
20:74:54,"vivo Mobile Communication Co., Ltd.",android
B8:C9:B5,"GUANGDONG OPPO MOBILE TELECOMMUNICATIONS CORP.,LTD",android
18:E7:77,"vivo Mobile Communication Co., Ltd.",android
B4:A5:AC,"GUANGDONG OPPO MOBILE TELECOMMUNICATIONS CORP.,LTD",android
44:46:87,Realme Chongqing MobileTelecommunications Corp Ltd,android
8C:53:C3,"Beijing Xiaomi Mobile Software Co., Ltd",android
D0:28:BA,Realme Chongqing MobileTelecommunications Corp Ltd,android
4C:4F:EE,"OnePlus Technology (Shenzhen) Co., Ltd",android
64:90:C1,"Beijing Xiaomi Mobile Software Co., Ltd",android
F0:67:28,"GUANGDONG OPPO MOBILE TELECOMMUNICATIONS CORP.,LTD",android
C4:FE:5B,"GUANGDONG OPPO MOBILE TELECOMMUNICATIONS CORP.,LTD",android
10:29:59,"Apple, Inc.",macos
E4:76:84,"Apple, Inc.",macos
F0:5C:D5,"Apple, Inc.",macos
70:EA:5A,"Apple, Inc.",macos
78:D1:62,"Apple, Inc.",macos
08:F8:BC,"Apple, Inc.",macos
90:A2:5B,"Apple, Inc.",macos
88:A4:79,"Apple, Inc.",macos
3C:BF:60,"Apple, Inc.",macos
AC:15:F4,"Apple, Inc.",macos
04:72:95,"Apple, Inc.",macos
D4:46:E1,"Apple, Inc.",macos
88:A9:B7,"Apple, Inc.",macos
EC:CE:D7,"Apple, Inc.",macos
AC:90:85,"Apple, Inc.",macos
94:0C:98,"Apple, Inc.",macos
E8:FB:E9,"Apple, Inc.",macos
38:EC:0D,"Apple, Inc.",macos
44:4A:DB,"Apple, Inc.",macos
30:90:48,"Apple, Inc.",macos
5C:17:CF,"OnePlus Technology (Shenzhen) Co., Ltd",android
4C:63:71,Xiaomi Communications Co Ltd,android
9C:28:F7,Xiaomi Communications Co Ltd,android
B4:40:A4,"Apple, Inc.",macos
48:B8:A3,"Apple, Inc.",macos
F4:DB:E3,"Apple, Inc.",macos
20:E8:74,"Apple, Inc.",macos
D0:3F:AA,"Apple, Inc.",macos
7C:AB:60,"Apple, Inc.",macos
44:C6:5D,"Apple, Inc.",macos
18:7E:B9,"Apple, Inc.",macos
B8:90:47,"Apple, Inc.",macos
90:9C:4A,"Apple, Inc.",macos
90:8C:43,"Apple, Inc.",macos
3C:7D:0A,"Apple, Inc.",macos
E4:90:FD,"Apple, Inc.",macos
D0:65:44,"Apple, Inc.",macos
84:AB:1A,"Apple, Inc.",macos
BC:09:63,"Apple, Inc.",macos
D8:4C:90,"Apple, Inc.",macos
24:D0:DF,"Apple, Inc.",macos
6C:4A:85,"Apple, Inc.",macos
28:F0:33,"Apple, Inc.",macos
D4:5E:EC,"Beijing Xiaomi Electronics Co., Ltd.",android
6C:D9:4C,"vivo Mobile Communication Co., Ltd.",android
20:82:6A,"GUANGDONG OPPO MOBILE TELECOMMUNICATIONS CORP.,LTD",android
14:47:2D,"GUANGDONG OPPO MOBILE TELECOMMUNICATIONS CORP.,LTD",android
98:C8:B8,"vivo Mobile Communication Co., Ltd.",android
88:C3:97,"Beijing Xiaomi Mobile Software Co., Ltd",android
54:48:E6,"Beijing Xiaomi Mobile Software Co., Ltd",android
B0:B5:C3,"GUANGDONG OPPO MOBILE TELECOMMUNICATIONS CORP.,LTD",android
1C:02:19,"GUANGDONG OPPO MOBILE TELECOMMUNICATIONS CORP.,LTD",android
F4:30:8B,Xiaomi Communications Co Ltd,android
64:DD:E9,Xiaomi Communications Co Ltd,android
54:0E:2D,"vivo Mobile Communication Co., Ltd.",android
70:8F:47,"vivo Mobile Communication Co., Ltd.",android
E4:41:22,"OnePlus Technology (Shenzhen) Co., Ltd",android
FC:A5:D0,"GUANGDONG OPPO MOBILE TELECOMMUNICATIONS CORP.,LTD",android
20:64:CB,"GUANGDONG OPPO MOBILE TELECOMMUNICATIONS CORP.,LTD",android
2C:D0:66,Xiaomi Communications Co Ltd,android
98:F6:21,Xiaomi Communications Co Ltd,android
E8:85:4B,"Apple, Inc.",macos
28:EC:95,"Apple, Inc.",macos
E0:2B:96,"Apple, Inc.",macos
64:0B:D7,"Apple, Inc.",macos
A8:91:3D,"Apple, Inc.",macos
0C:3B:50,"Apple, Inc.",macos
14:C8:8B,"Apple, Inc.",macos
EC:26:51,"Apple, Inc.",macos
18:3E:EF,"Apple, Inc.",macos
60:7E:C9,"Apple, Inc.",macos
D8:DC:40,"Apple, Inc.",macos
80:5F:C5,"Apple, Inc.",macos
3C:4D:BE,"Apple, Inc.",macos
48:26:2C,"Apple, Inc.",macos
14:7D:DA,"Apple, Inc.",macos
C4:91:0C,"Apple, Inc.",macos
20:69:80,"Apple, Inc.",macos
E8:7F:95,"Apple, Inc.",macos
88:C0:8B,"Apple, Inc.",macos
4C:7C:D9,"Apple, Inc.",macos
64:2C:0F,"vivo Mobile Communication Co., Ltd.",android
08:FA:79,"vivo Mobile Communication Co., Ltd.",android
AC:5F:EA,"OnePlus Technology (Shenzhen) Co., Ltd",android
58:B6:23,"Beijing Xiaomi Mobile Software Co., Ltd",android
7C:FD:6B,Xiaomi Communications Co Ltd,android
7C:2A:DB,Xiaomi Communications Co Ltd,android
A0:22:DE,"vivo Mobile Communication Co., Ltd.",android
88:03:E9,"GUANGDONG OPPO MOBILE TELECOMMUNICATIONS CORP.,LTD",android
60:D4:E9,"GUANGDONG OPPO MOBILE TELECOMMUNICATIONS CORP.,LTD",android
10:BC:97,"vivo Mobile Communication Co., Ltd.",android
28:D1:27,"Beijing Xiaomi Mobile Software Co., Ltd",android
B4:60:ED,"Beijing Xiaomi Mobile Software Co., Ltd",android
FC:19:99,Xiaomi Communications Co Ltd,android
9C:9D:7E,"Beijing Xiaomi Mobile Software Co., Ltd",android
94:17:00,Xiaomi Communications Co Ltd,android
94:54:CE,"GUANGDONG OPPO MOBILE TELECOMMUNICATIONS CORP.,LTD",android
38:8A:BE,"GUANGDONG OPPO MOBILE TELECOMMUNICATIONS CORP.,LTD",android
EC:4D:3E,"Beijing Xiaomi Mobile Software Co., Ltd",android
FC:66:CF,"Apple, Inc.",macos
AC:1D:06,"Apple, Inc.",macos
44:A8:FC,"Apple, Inc.",macos
F8:10:93,"Apple, Inc.",macos
74:8F:3C,"Apple, Inc.",macos
40:F9:46,"Apple, Inc.",macos
D0:D2:3C,"Apple, Inc.",macos
78:E3:DE,"Apple, Inc.",macos
64:D2:C4,"Apple, Inc.",macos
DC:52:85,"Apple, Inc.",macos
E8:81:52,"Apple, Inc.",macos
90:81:58,"Apple, Inc.",macos
98:60:CA,"Apple, Inc.",macos
44:90:BB,"Apple, Inc.",macos
34:FD:6A,"Apple, Inc.",macos
44:35:83,"Apple, Inc.",macos
BC:A5:A9,"Apple, Inc.",macos
20:E2:A8,"Apple, Inc.",macos
A0:FB:C5,"Apple, Inc.",macos
00:7D:60,"Apple, Inc.",macos
18:87:40,Xiaomi Communications Co Ltd,android
34:1C:F0,Xiaomi Communications Co Ltd,android
E4:33:AE,"GUANGDONG OPPO MOBILE TELECOMMUNICATIONS CORP.,LTD",android
6C:0D:C4,"Beijing Xiaomi Electronics Co., Ltd.",android
C4:40:F6,"GUANGDONG OPPO MOBILE TELECOMMUNICATIONS CORP.,LTD",android
30:AF:CE,"vivo Mobile Communication Co., Ltd.",android
6C:1E:D7,"vivo Mobile Communication Co., Ltd.",android
4C:02:20,Xiaomi Communications Co Ltd,android
64:A2:00,Xiaomi Communications Co Ltd,android
7C:C2:94,"Beijing Xiaomi Mobile Software Co., Ltd",android
24:11:45,Xiaomi Communications Co Ltd,android
DC:B7:2E,Xiaomi Communications Co Ltd,android
24:06:AA,"GUANGDONG OPPO MOBILE TELECOMMUNICATIONS CORP.,LTD",android
8C:34:01,"GUANGDONG OPPO MOBILE TELECOMMUNICATIONS CORP.,LTD",android
DC:8C:1B,"vivo Mobile Communication Co., Ltd.",android
E4:F1:D4,"vivo Mobile Communication Co., Ltd.",android
4C:20:B8,"Apple, Inc.",macos
14:88:E6,"Apple, Inc.",macos
B4:56:E3,"Apple, Inc.",macos
B4:1B:B0,"Apple, Inc.",macos
58:D3:49,"Apple, Inc.",macos
F4:34:F0,"Apple, Inc.",macos
B0:8C:75,"Apple, Inc.",macos
9C:28:B3,"Apple, Inc.",macos
A0:78:17,"Apple, Inc.",macos
5C:87:30,"Apple, Inc.",macos
F8:66:5A,"Apple, Inc.",macos
60:BE:C4,"Apple, Inc.",macos
F8:B1:DD,"Apple, Inc.",macos
A8:81:7E,"Apple, Inc.",macos
44:F2:1B,"Apple, Inc.",macos
74:65:0C,"Apple, Inc.",macos
E0:6D:17,"Apple, Inc.",macos
F0:B3:EC,"Apple, Inc.",macos
F4:65:A6,"Apple, Inc.",macos
C4:0B:31,"Apple, Inc.",macos
50:8E:49,Xiaomi Communications Co Ltd,android
10:3F:44,Xiaomi Communications Co Ltd,android
8C:DE:F9,"Beijing Xiaomi Mobile Software Co., Ltd",android
04:7A:0B,"Beijing Xiaomi Electronics Co., Ltd.",android
9C:BC:F0,Xiaomi Communications Co Ltd,android
D4:EC:AB,"vivo Mobile Communication Co., Ltd.",android
BC:3E:CB,"vivo Mobile Communication Co., Ltd.",android
50:3D:C6,Xiaomi Communications Co Ltd,android
14:5E:69,"GUANGDONG OPPO MOBILE TELECOMMUNICATIONS CORP.,LTD",android
0C:93:8F,"GUANGDONG OPPO MOBILE TELECOMMUNICATIONS CORP.,LTD",android
68:AB:BC,"Beijing Xiaomi Mobile Software Co., Ltd",android
54:09:10,"Apple, Inc.",macos
9C:FC:28,"Apple, Inc.",macos
B4:85:E1,"Apple, Inc.",macos
0C:19:F8,"Apple, Inc.",macos
50:1F:C6,"Apple, Inc.",macos
CC:69:FA,"Apple, Inc.",macos
10:CE:E9,"Apple, Inc.",macos
14:D1:9E,"Apple, Inc.",macos
40:C7:11,"Apple, Inc.",macos
5C:70:17,"Apple, Inc.",macos
8C:EC:7B,"Apple, Inc.",macos
40:8C:1F,"GUANGDONG OPPO MOBILE TELECOMMUNICATIONS CORP.,LTD",android
34:31:8F,"Apple, Inc.",macos
C4:14:11,"Apple, Inc.",macos
CC:C9:5D,"Apple, Inc.",macos
FC:04:1C,"GUANGDONG OPPO MOBILE TELECOMMUNICATIONS CORP.,LTD",android
F4:D4:88,"Apple, Inc.",macos
68:2F:67,"Apple, Inc.",macos
50:ED:3C,"Apple, Inc.",macos
14:98:77,"Apple, Inc.",macos
88:66:5A,"Apple, Inc.",macos
B0:E5:F9,"Apple, Inc.",macos
4C:F2:02,Xiaomi Communications Co Ltd,android
50:98:39,Xiaomi Communications Co Ltd,android
AC:D6:18,"OnePlus Technology (Shenzhen) Co., Ltd",android
CC:81:2A,"vivo Mobile Communication Co., Ltd.",android
20:3B:69,"vivo Mobile Communication Co., Ltd.",android
88:46:04,Xiaomi Communications Co Ltd,android
8C:AA:CE,Xiaomi Communications Co Ltd,android
64:64:4A,"Beijing Xiaomi Mobile Software Co., Ltd",android
14:DD:9C,"vivo Mobile Communication Co., Ltd.",android
9C:82:81,"vivo Mobile Communication Co., Ltd.",android
2C:BE:EB,Nothing Technology Limited,android
FC:4E:A4,"Apple, Inc.",macos
F4:BE:EC,"Apple, Inc.",macos
54:E6:1B,"Apple, Inc.",macos
B8:81:FA,"Apple, Inc.",macos
9C:76:0E,"Apple, Inc.",macos
94:EA:32,"Apple, Inc.",macos
50:F4:EB,"Apple, Inc.",macos
28:C7:09,"Apple, Inc.",macos
1C:91:80,"Apple, Inc.",macos
4C:B9:10,"Apple, Inc.",macos
E0:92:5C,"Apple, Inc.",macos
84:8C:8D,"Apple, Inc.",macos
0C:E4:41,"Apple, Inc.",macos
B8:2A:A9,"Apple, Inc.",macos
78:64:C0,"Apple, Inc.",macos
E8:1C:D8,"Apple, Inc.",macos
3C:06:30,"Apple, Inc.",macos
F0:2F:4B,"Apple, Inc.",macos
40:E6:4B,"Apple, Inc.",macos
B4:FA:48,"Apple, Inc.",macos
B8:D4:3E,"vivo Mobile Communication Co., Ltd.",android
74:15:75,Xiaomi Communications Co Ltd,android
C0:47:54,"vivo Mobile Communication Co., Ltd.",android
8C:D9:D6,Xiaomi Communications Co Ltd,android
B0:C9:52,"GUANGDONG OPPO MOBILE TELECOMMUNICATIONS CORP.,LTD",android
54:0E:58,"GUANGDONG OPPO MOBILE TELECOMMUNICATIONS CORP.,LTD",android
A4:55:90,Xiaomi Communications Co Ltd,android
9C:5A:81,Xiaomi Communications Co Ltd,android
CC:B5:D1,"Beijing Xiaomi Mobile Software Co., Ltd",android
8C:64:A2,"OnePlus Technology (Shenzhen) Co., Ltd",android
E4:0C:FD,"GUANGDONG OPPO MOBILE TELECOMMUNICATIONS CORP.,LTD",android
58:D6:97,"GUANGDONG OPPO MOBILE TELECOMMUNICATIONS CORP.,LTD",android
2C:48:81,"vivo Mobile Communication Co., Ltd.",android
0C:60:46,"vivo Mobile Communication Co., Ltd.",android
70:5F:A3,Xiaomi Communications Co Ltd,android
5C:D0:6E,Xiaomi Communications Co Ltd,android
3C:CD:57,"Beijing Xiaomi Mobile Software Co., Ltd",android
9C:58:3C,"Apple, Inc.",macos
3C:A6:F6,"Apple, Inc.",macos
4C:AB:4F,"Apple, Inc.",macos
C4:12:34,"Apple, Inc.",macos
24:5E:48,"Apple, Inc.",macos
60:06:E3,"Apple, Inc.",macos
C4:C3:6B,"Apple, Inc.",macos
08:C7:29,"Apple, Inc.",macos
E8:A7:30,"Apple, Inc.",macos
94:5C:9A,"Apple, Inc.",macos
00:F3:9F,"Apple, Inc.",macos
E8:78:65,"Apple, Inc.",macos
A0:4E:CF,"Apple, Inc.",macos
08:87:C7,"Apple, Inc.",macos
D8:DE:3A,"Apple, Inc.",macos
38:65:B2,"Apple, Inc.",macos
08:FF:44,"Apple, Inc.",macos
AC:49:DB,"Apple, Inc.",macos
44:F0:9E,"Apple, Inc.",macos
18:56:C3,"Apple, Inc.",macos
08:1C:6E,Xiaomi Communications Co Ltd,android
FC:D9:08,Xiaomi Communications Co Ltd,android
B0:46:92,"GUANGDONG OPPO MOBILE TELECOMMUNICATIONS CORP.,LTD",android
AC:76:4C,"GUANGDONG OPPO MOBILE TELECOMMUNICATIONS CORP.,LTD",android
DC:ED:83,"Beijing Xiaomi Mobile Software Co., Ltd",android
D0:49:7C,"OnePlus Technology (Shenzhen) Co., Ltd",android
60:6E:E8,Xiaomi Communications Co Ltd,android
8C:67:94,"vivo Mobile Communication Co., Ltd.",android
D0:9C:AE,"vivo Mobile Communication Co., Ltd.",android
B8:3B:CC,Xiaomi Communications Co Ltd,android
84:AC:16,"Apple, Inc.",macos
2C:BC:87,"Apple, Inc.",macos
4C:50:F1,"GUANGDONG OPPO MOBILE TELECOMMUNICATIONS CORP.,LTD",android
A0:94:1A,"GUANGDONG OPPO MOBILE TELECOMMUNICATIONS CORP.,LTD",android
BC:6A:D1,Xiaomi Communications Co Ltd,android
98:7E:E3,"vivo Mobile Communication Co., Ltd.",android
8C:7A:3D,Xiaomi Communications Co Ltd,android
FC:1D:2A,"vivo Mobile Communication Co., Ltd.",android
58:0A:D4,"Apple, Inc.",macos
A8:4A:28,"Apple, Inc.",macos
D8:BE:1F,"Apple, Inc.",macos
08:8E:DC,"Apple, Inc.",macos
A4:77:F3,"Apple, Inc.",macos
98:50:2E,"Apple, Inc.",macos
88:B9:45,"Apple, Inc.",macos
7C:FC:16,"Apple, Inc.",macos
48:77:BD,"GUANGDONG OPPO MOBILE TELECOMMUNICATIONS CORP.,LTD",android
DC:F4:CA,"Apple, Inc.",macos
B0:BE:83,"Apple, Inc.",macos
E4:93:6A,"GUANGDONG OPPO MOBILE TELECOMMUNICATIONS CORP.,LTD",android
20:37:A5,"Apple, Inc.",macos
B8:37:4A,"Apple, Inc.",macos
DC:B5:4F,"Apple, Inc.",macos
00:8A:76,"Apple, Inc.",macos
10:00:20,"Apple, Inc.",macos
7C:24:99,"Apple, Inc.",macos
8C:7A:AA,"Apple, Inc.",macos
64:5A:36,"Apple, Inc.",macos
5C:52:30,"Apple, Inc.",macos
20:32:C6,"Apple, Inc.",macos
5C:02:14,"Beijing Xiaomi Mobile Software Co., Ltd",android
B4:20:5B,"GUANGDONG OPPO MOBILE TELECOMMUNICATIONS CORP.,LTD",android
54:67:06,"GUANGDONG OPPO MOBILE TELECOMMUNICATIONS CORP.,LTD",android
64:9E:31,"Beijing Xiaomi Mobile Software Co., Ltd",android
4C:EA:AE,"GUANGDONG OPPO MOBILE TELECOMMUNICATIONS CORP.,LTD",android
30:4F:00,"GUANGDONG OPPO MOBILE TELECOMMUNICATIONS CORP.,LTD",android
34:B9:8D,Xiaomi Communications Co Ltd,android
B8:94:E7,Xiaomi Communications Co Ltd,android
94:31:CB,"vivo Mobile Communication Co., Ltd.",android
D4:63:DE,"vivo Mobile Communication Co., Ltd.",android
D8:B0:53,Xiaomi Communications Co Ltd,android
6C:F7:84,Xiaomi Communications Co Ltd,android
98:DD:60,"Apple, Inc.",macos
D4:68:AA,"Apple, Inc.",macos
F8:C3:CC,"Apple, Inc.",macos
C0:44:42,"Apple, Inc.",macos
5C:50:D9,"Apple, Inc.",macos
A8:FE:9D,"Apple, Inc.",macos
88:4D:7C,"Apple, Inc.",macos
A0:A3:09,"Apple, Inc.",macos
28:C5:38,"Apple, Inc.",macos
04:99:B9,"Apple, Inc.",macos
78:02:8B,"Apple, Inc.",macos
F8:4D:89,"Apple, Inc.",macos
D4:57:63,"Apple, Inc.",macos
C0:2C:5C,"Apple, Inc.",macos
1C:B3:C9,"Apple, Inc.",macos
60:93:16,"Apple, Inc.",macos
DC:53:92,"Apple, Inc.",macos
FC:AA:81,"Apple, Inc.",macos
64:6D:2F,"Apple, Inc.",macos
04:68:65,"Apple, Inc.",macos
60:07:C4,"GUANGDONG OPPO MOBILE TELECOMMUNICATIONS CORP.,LTD",android
A8:98:92,"GUANGDONG OPPO MOBILE TELECOMMUNICATIONS CORP.,LTD",android
C8:5C:CC,"Beijing Xiaomi Mobile Software Co., Ltd",android
B0:33:66,"vivo Mobile Communication Co., Ltd.",android
38:38:4B,"vivo Mobile Communication Co., Ltd.",android
0C:C6:FD,Xiaomi Communications Co Ltd,android
50:DA:D6,Xiaomi Communications Co Ltd,android
FC:02:96,Xiaomi Communications Co Ltd,android
D4:35:38,"Beijing Xiaomi Mobile Software Co., Ltd",android
4C:E0:DB,Xiaomi Communications Co Ltd,android
04:10:6B,Xiaomi Communications Co Ltd,android
E4:84:D3,Xiaomi Communications Co Ltd,android
BC:D0:74,"Apple, Inc.",macos
44:1B:88,"Apple, Inc.",macos
10:B9:C4,"Apple, Inc.",macos
9C:3E:53,"Apple, Inc.",macos
80:04:5F,"Apple, Inc.",macos
C8:89:F3,"Apple, Inc.",macos
4C:E6:C0,"Apple, Inc.",macos
48:35:2B,"Apple, Inc.",macos
44:DA:30,"Apple, Inc.",macos
28:EA:2D,"Apple, Inc.",macos
38:88:A4,"Apple, Inc.",macos
B8:E6:0C,"Apple, Inc.",macos
98:A5:F9,"Apple, Inc.",macos
60:DD:70,"Apple, Inc.",macos
EC:A9:07,"Apple, Inc.",macos
FC:E2:6C,"Apple, Inc.",macos
1C:71:25,"Apple, Inc.",macos
34:FE:77,"Apple, Inc.",macos
4C:79:75,"Apple, Inc.",macos
6C:E5:C9,"Apple, Inc.",macos
50:87:4D,"GUANGDONG OPPO MOBILE TELECOMMUNICATIONS CORP.,LTD",android
30:E7:BC,"GUANGDONG OPPO MOBILE TELECOMMUNICATIONS CORP.,LTD",android
A8:13:06,"vivo Mobile Communication Co., Ltd.",android
50:E7:B7,"vivo Mobile Communication Co., Ltd.",android
A4:39:B3,"Beijing Xiaomi Mobile Software Co., Ltd",android
AC:73:52,"GUANGDONG OPPO MOBILE TELECOMMUNICATIONS CORP.,LTD",android
74:EF:4B,"GUANGDONG OPPO MOBILE TELECOMMUNICATIONS CORP.,LTD",android
AC:1E:9E,Xiaomi Communications Co Ltd,android
48:87:59,Xiaomi Communications Co Ltd,android
48:74:12,"OnePlus Technology (Shenzhen) Co., Ltd",android
74:F2:FA,Xiaomi Communications Co Ltd,android
80:65:7C,"Apple, Inc.",macos
DC:80:84,"Apple, Inc.",macos
50:57:8A,"Apple, Inc.",macos
B0:DE:28,"Apple, Inc.",macos
18:E7:B0,"Apple, Inc.",macos
D4:FB:8E,"Apple, Inc.",macos
34:28:40,"Apple, Inc.",macos
B0:F1:D8,"Apple, Inc.",macos
A4:C3:37,"Apple, Inc.",macos
78:FB:D8,"Apple, Inc.",macos
1C:57:DC,"Apple, Inc.",macos
98:69:8A,"Apple, Inc.",macos
D0:88:0C,"Apple, Inc.",macos
50:23:A2,"Apple, Inc.",macos
20:78:CD,"Apple, Inc.",macos
30:D5:3E,"Apple, Inc.",macos
28:02:44,"Apple, Inc.",macos
E8:5F:02,"Apple, Inc.",macos
7C:C1:80,"Apple, Inc.",macos
A8:5B:B7,"Apple, Inc.",macos
00:C3:0A,Xiaomi Communications Co Ltd,android
88:52:EB,Xiaomi Communications Co Ltd,android
BC:61:93,Xiaomi Communications Co Ltd,android
28:A5:3F,"vivo Mobile Communication Co., Ltd.",android
8C:49:B6,"vivo Mobile Communication Co., Ltd.",android
30:BB:7D,"OnePlus Technology (Shenzhen) Co., Ltd",android
24:75:3A,"GUANGDONG OPPO MOBILE TELECOMMUNICATIONS CORP.,LTD",android
DC:A9:56,"GUANGDONG OPPO MOBILE TELECOMMUNICATIONS CORP.,LTD",android
D4:F0:EA,"Beijing Xiaomi Mobile Software Co., Ltd",android
28:BE:43,"vivo Mobile Communication Co., Ltd.",android
2C:FC:8B,"GUANGDONG OPPO MOBILE TELECOMMUNICATIONS CORP.,LTD",android
C0:ED:E5,"GUANGDONG OPPO MOBILE TELECOMMUNICATIONS CORP.,LTD",android
90:D4:73,"vivo Mobile Communication Co., Ltd.",android
EC:30:B3,Xiaomi Communications Co Ltd,android
F8:AB:82,Xiaomi Communications Co Ltd,android
F0:6C:5D,Xiaomi Communications Co Ltd,android
24:CF:24,"Beijing Xiaomi Mobile Software Co., Ltd",android
14:2D:4D,"Apple, Inc.",macos
2C:82:17,"Apple, Inc.",macos
EC:42:CC,"Apple, Inc.",macos
B8:21:1C,"Apple, Inc.",macos
B0:3F:64,"Apple, Inc.",macos
4C:2E:B4,"Apple, Inc.",macos
70:31:7F,"Apple, Inc.",macos
74:71:8B,"Apple, Inc.",macos
60:95:BD,"Apple, Inc.",macos
B4:19:74,"Apple, Inc.",macos
A4:CF:99,"Apple, Inc.",macos
7C:EC:B1,"Apple, Inc.",macos
5C:E9:1E,"Apple, Inc.",macos
04:99:BB,"Apple, Inc.",macos
5C:1B:F4,"Apple, Inc.",macos
A8:51:AB,"Apple, Inc.",macos
1C:0D:7D,"Apple, Inc.",macos
14:F2:87,"Apple, Inc.",macos
14:94:6C,"Apple, Inc.",macos
58:55:95,"Apple, Inc.",macos
AC:C4:BD,"GUANGDONG OPPO MOBILE TELECOMMUNICATIONS CORP.,LTD",android
A4:0F:98,"GUANGDONG OPPO MOBILE TELECOMMUNICATIONS CORP.,LTD",android
B8:50:D8,"Beijing Xiaomi Mobile Software Co., Ltd",android
E0:80:6B,Xiaomi Communications Co Ltd,android
E8:F7:91,Xiaomi Communications Co Ltd,android
94:D3:31,Xiaomi Communications Co Ltd,android
14:9B:F3,"GUANGDONG OPPO MOBILE TELECOMMUNICATIONS CORP.,LTD",android
30:7F:10,"GUANGDONG OPPO MOBILE TELECOMMUNICATIONS CORP.,LTD",android
A4:90:CE,"vivo Mobile Communication Co., Ltd.",android
2C:9D:65,"vivo Mobile Communication Co., Ltd.",android
C8:BF:4C,"Beijing Xiaomi Mobile Software Co., Ltd",android
B0:67:B5,"Apple, Inc.",macos
C0:95:6D,"Apple, Inc.",macos
3C:39:C8,"Apple, Inc.",macos
5C:52:84,"Apple, Inc.",macos
A8:AB:B5,"Apple, Inc.",macos
58:64:C4,"Apple, Inc.",macos
70:B3:06,"Apple, Inc.",macos
B8:49:6D,"Apple, Inc.",macos
9C:92:4F,"Apple, Inc.",macos
F0:D7:93,"Apple, Inc.",macos
20:0E:2B,"Apple, Inc.",macos
68:83:CB,"Apple, Inc.",macos
5C:3E:1B,"Apple, Inc.",macos
7C:2A:CA,"Apple, Inc.",macos
28:8E:EC,"Apple, Inc.",macos
AC:BC:B5,"Apple, Inc.",macos
08:25:73,"Apple, Inc.",macos
AC:00:7A,"Apple, Inc.",macos
F0:1F:C7,"Apple, Inc.",macos
88:20:0D,"Apple, Inc.",macos
44:71:47,"Beijing Xiaomi Electronics Co.,Ltd",android
F4:BB:C7,"vivo Mobile Communication Co., Ltd.",android
48:8A:E8,"vivo Mobile Communication Co., Ltd.",android
DC:6A:E7,Xiaomi Communications Co Ltd,android
7C:A4:49,Xiaomi Communications Co Ltd,android
14:49:D4,Xiaomi Communications Co Ltd,android
34:47:9A,"GUANGDONG OPPO MOBILE TELECOMMUNICATIONS CORP.,LTD",android
30:1A:BA,"GUANGDONG OPPO MOBILE TELECOMMUNICATIONS CORP.,LTD",android
B8:14:4D,"Apple, Inc.",macos
2C:57:CE,"Apple, Inc.",macos
08:65:18,"Apple, Inc.",macos
EC:28:D3,"Apple, Inc.",macos
2C:32:6A,"Apple, Inc.",macos
C4:AC:AA,"Apple, Inc.",macos
D0:DA:D7,"Apple, Inc.",macos
6C:B1:33,"Apple, Inc.",macos
20:A5:CB,"Apple, Inc.",macos
94:AD:23,"Apple, Inc.",macos
F4:21:CA,"Apple, Inc.",macos
BC:89:A7,"Apple, Inc.",macos
6C:7E:67,"Apple, Inc.",macos
A8:8F:D9,"Apple, Inc.",macos
E4:9C:67,"Apple, Inc.",macos
08:95:42,"Apple, Inc.",macos
A4:C6:F0,"Apple, Inc.",macos
1C:6A:76,"Apple, Inc.",macos
F8:7D:76,"Apple, Inc.",macos
2C:76:00,"Apple, Inc.",macos
68:B8:BB,"Beijing Xiaomi Electronics Co.,Ltd",android
2C:A7:EF,"OnePlus Technology (Shenzhen) Co., Ltd",android
3C:13:5A,Xiaomi Communications Co Ltd,android
F8:71:0C,Xiaomi Communications Co Ltd,android
3C:A2:C3,"vivo Mobile Communication Co., Ltd.",android
78:D8:40,Xiaomi Communications Co Ltd,android
F4:63:FC,"vivo Mobile Communication Co., Ltd.",android
3C:2C:A6,"Beijing Xiaomi Electronics Co.,Ltd",android
D4:DA:21,"Beijing Xiaomi Mobile Software Co., Ltd",android
8C:98:6B,"Apple, Inc.",macos
40:ED:CF,"Apple, Inc.",macos
1C:86:82,"Apple, Inc.",macos
80:54:E3,"Apple, Inc.",macos
7C:29:6F,"Apple, Inc.",macos
AC:C9:06,"Apple, Inc.",macos
C4:35:D9,"Apple, Inc.",macos
04:BC:6D,"Apple, Inc.",macos
70:AE:D5,"Apple, Inc.",macos
20:1A:94,"Apple, Inc.",macos
74:31:74,"Apple, Inc.",macos
B0:E5:EF,"Apple, Inc.",macos
28:8F:F6,"Apple, Inc.",macos
58:B9:65,"Apple, Inc.",macos
F0:C7:25,"Apple, Inc.",macos
18:FA:B7,"Apple, Inc.",macos
70:22:FE,"Apple, Inc.",macos
88:1E:5A,"Apple, Inc.",macos
00:C5:85,"Apple, Inc.",macos
A8:7C:F8,"Apple, Inc.",macos
6C:D1:99,"vivo Mobile Communication Co., Ltd.",android
D8:0E:29,"vivo Mobile Communication Co., Ltd.",android
B4:57:E6,"GUANGDONG OPPO MOBILE TELECOMMUNICATIONS CORP.,LTD",android
68:FC:B6,"GUANGDONG OPPO MOBILE TELECOMMUNICATIONS CORP.,LTD",android
F4:1A:9C,Xiaomi Communications Co Ltd,android
94:7B:AE,Xiaomi Communications Co Ltd,android
1C:8B:EF,"Beijing Xiaomi Electronics Co.,Ltd",android
8C:D0:B2,"Beijing Xiaomi Mobile Software Co., Ltd",android
BC:E8:FA,"GUANGDONG OPPO MOBILE TELECOMMUNICATIONS CORP.,LTD",android
40:B6:07,"GUANGDONG OPPO MOBILE TELECOMMUNICATIONS CORP.,LTD",android
30:82:16,"Apple, Inc.",macos
B8:3C:28,"Apple, Inc.",macos
54:EB:E9,"Apple, Inc.",macos
84:B1:E4,"Apple, Inc.",macos
3C:6D:89,"Apple, Inc.",macos
AC:45:00,"Apple, Inc.",macos
AC:16:15,"Apple, Inc.",macos
EC:73:79,"Apple, Inc.",macos
2C:18:09,"Apple, Inc.",macos
FC:47:D8,"Apple, Inc.",macos
74:A6:CD,"Apple, Inc.",macos
2C:7C:F2,"Apple, Inc.",macos
30:D7:A1,"Apple, Inc.",macos
FC:31:5D,"Apple, Inc.",macos
C4:C1:7D,"Apple, Inc.",macos
60:D0:39,"Apple, Inc.",macos
E0:BD:A0,"Apple, Inc.",macos
F4:E8:C7,"Apple, Inc.",macos
58:73:D8,"Apple, Inc.",macos
14:85:09,"Apple, Inc.",macos
BC:64:D9,"GUANGDONG OPPO MOBILE TELECOMMUNICATIONS CORP.,LTD",android
74:86:69,"GUANGDONG OPPO MOBILE TELECOMMUNICATIONS CORP.,LTD",android
64:EC:65,"vivo Mobile Communication Co., Ltd.",android
54:11:49,"vivo Mobile Communication Co., Ltd.",android
38:6F:6B,"GUANGDONG OPPO MOBILE TELECOMMUNICATIONS CORP.,LTD",android
48:29:D6,"GUANGDONG OPPO MOBILE TELECOMMUNICATIONS CORP.,LTD",android
E8:88:43,Xiaomi Communications Co Ltd,android
24:D3:37,Xiaomi Communications Co Ltd,android
CC:42:10,Xiaomi Communications Co Ltd,android
CC:08:FA,"Apple, Inc.",macos
90:9B:6F,"Apple, Inc.",macos
74:73:B4,"Apple, Inc.",macos
A4:FC:14,"Apple, Inc.",macos
A8:1A:F1,"Apple, Inc.",macos
14:1A:97,"Apple, Inc.",macos
3C:1E:B5,"Apple, Inc.",macos
AC:86:A3,"Apple, Inc.",macos
FC:9C:A7,"Apple, Inc.",macos
48:E1:5C,"Apple, Inc.",macos
74:15:F5,"Apple, Inc.",macos
28:02:2E,"Apple, Inc.",macos
10:CF:0F,"Apple, Inc.",macos
A4:16:C0,"Apple, Inc.",macos
DC:45:B8,"Apple, Inc.",macos
90:EC:EA,"Apple, Inc.",macos
F0:D3:1F,"Apple, Inc.",macos
10:B5:88,"Apple, Inc.",macos
54:32:C7,"Apple, Inc.",macos
B4:AE:C1,"Apple, Inc.",macos
84:46:93,"Beijing Xiaomi Mobile Software Co., Ltd",android
44:DF:65,"Beijing Xiaomi Mobile Software Co., Ltd",android
74:D5:58,"GUANGDONG OPPO MOBILE TELECOMMUNICATIONS CORP.,LTD",android
5C:16:48,"GUANGDONG OPPO MOBILE TELECOMMUNICATIONS CORP.,LTD",android
1C:2A:B0,"Beijing Xiaomi Electronics Co.,Ltd",android
B8:EA:98,Xiaomi Communications Co Ltd,android
E4:BC:AA,Xiaomi Communications Co Ltd,android
EC:21:50,"vivo Mobile Communication Co., Ltd.",android
8C:E0:42,"vivo Mobile Communication Co., Ltd.",android
0C:BD:75,"GUANGDONG OPPO MOBILE TELECOMMUNICATIONS CORP.,LTD",android
94:97:AE,"GUANGDONG OPPO MOBILE TELECOMMUNICATIONS CORP.,LTD",android
A8:C5:6F,"GUANGDONG OPPO MOBILE TELECOMMUNICATIONS CORP.,LTD",android
AC:7A:94,"GUANGDONG OPPO MOBILE TELECOMMUNICATIONS CORP.,LTD",android
2C:FE:4F,Xiaomi Communications Co Ltd,android
90:2A:EE,Xiaomi Communications Co Ltd,android
68:85:A4,"GUANGDONG OPPO MOBILE TELECOMMUNICATIONS CORP.,LTD",android
88:68:4B,"GUANGDONG OPPO MOBILE TELECOMMUNICATIONS CORP.,LTD",android
40:92:1A,"Apple, Inc.",macos
20:15:82,"Apple, Inc.",macos
10:E2:C9,"Apple, Inc.",macos
60:82:46,"Apple, Inc.",macos
04:9D:05,"Apple, Inc.",macos
98:B3:79,"Apple, Inc.",macos
2C:C2:53,"Apple, Inc.",macos
10:BD:3A,"Apple, Inc.",macos
18:4A:53,"Apple, Inc.",macos
10:9F:41,"Apple, Inc.",macos
84:88:E1,"Apple, Inc.",macos
70:72:FE,"Apple, Inc.",macos
7C:C0:6F,"Apple, Inc.",macos
D4:2F:CA,"Apple, Inc.",macos
EC:2C:73,"Apple, Inc.",macos
94:3F:D6,"Apple, Inc.",macos
EC:81:50,"Apple, Inc.",macos
28:C1:A0,"Apple, Inc.",macos
D0:58:A5,"Apple, Inc.",macos
C0:17:54,"Apple, Inc.",macos
20:E4:6F,"vivo Mobile Communication Co., Ltd.",android
8C:DF:2C,"vivo Mobile Communication Co., Ltd.",android
D4:BA:FA,"GUANGDONG OPPO MOBILE TELECOMMUNICATIONS CORP.,LTD",android
58:43:AB,"GUANGDONG OPPO MOBILE TELECOMMUNICATIONS CORP.,LTD",android
C0:5B:44,"Beijing Xiaomi Mobile Software Co., Ltd",android
E4:45:19,"Beijing Xiaomi Electronics Co.,Ltd",android
9C:FB:77,"GUANGDONG OPPO MOBILE TELECOMMUNICATIONS CORP.,LTD",android
F8:C4:AE,"GUANGDONG OPPO MOBILE TELECOMMUNICATIONS CORP.,LTD",android
9C:74:03,"GUANGDONG OPPO MOBILE TELECOMMUNICATIONS CORP.,LTD",android
74:33:57,"vivo Mobile Communication Co., Ltd.",android
20:72:A9,"Beijing Xiaomi Electronics Co.,Ltd",android
24:23:61,"vivo Mobile Communication Co., Ltd.",android
AC:C0:48,"OnePlus Technology (Shenzhen) Co., Ltd",android
4C:C6:4C,"Beijing Xiaomi Mobile Software Co., Ltd",android
E4:40:97,"GUANGDONG OPPO MOBILE TELECOMMUNICATIONS CORP.,LTD",android
DC:B4:CA,"GUANGDONG OPPO MOBILE TELECOMMUNICATIONS CORP.,LTD",android
A4:CC:B3,Xiaomi Communications Co Ltd,android
58:C4:1E:8,"Xiaomi EV Technology Co., Ltd.",android
48:C4:61,"GUANGDONG OPPO MOBILE TELECOMMUNICATIONS CORP.,LTD",android
10:71:FA,"GUANGDONG OPPO MOBILE TELECOMMUNICATIONS CORP.,LTD",android
58:AD:12,"Apple, Inc.",macos
60:FD:A6,"Apple, Inc.",macos
80:A9:97,"Apple, Inc.",macos
34:8C:5E,"Apple, Inc.",macos
F0:EE:7A,"Apple, Inc.",macos
D4:0F:9E,"Apple, Inc.",macos
98:0D:AF,"Apple, Inc.",macos
DC:6D:BC,"Apple, Inc.",macos
A4:D2:3E,"Apple, Inc.",macos
30:E0:4F,"Apple, Inc.",macos
A8:9C:78,"Apple, Inc.",macos
20:91:DF,"Apple, Inc.",macos
7C:61:30,"Apple, Inc.",macos
80:B9:89,"Apple, Inc.",macos
C4:52:4F,"Apple, Inc.",macos
60:3E:5F,"Apple, Inc.",macos
F8:E5:CE,"Apple, Inc.",macos
38:9C:B2,"Apple, Inc.",macos
58:36:53,"Apple, Inc.",macos
84:D3:28,"Apple, Inc.",macos
74:C5:30,"vivo Mobile Communication Co., Ltd.",android
4C:99:92,"vivo Mobile Communication Co., Ltd.",android
CC:EB:5E,Xiaomi Communications Co Ltd,android
14:99:3E,Xiaomi Communications Co Ltd,android
88:6C:60,Xiaomi Communications Co Ltd,android
C4:93:BB,"Beijing Xiaomi Mobile Software Co., Ltd",android
A4:A9:30,"Beijing Xiaomi Mobile Software Co., Ltd",android
E4:E2:6C,"GUANGDONG OPPO MOBILE TELECOMMUNICATIONS CORP.,LTD",android
48:35:43,"GUANGDONG OPPO MOBILE TELECOMMUNICATIONS CORP.,LTD",android
00:9C:C0,"vivo Mobile Communication Co., Ltd.",android
DC:2D:04,"vivo Mobile Communication Co., Ltd.",android
FC:A9:F5,Xiaomi Communications Co Ltd,android
30:50:CE,Xiaomi Communications Co Ltd,android
B4:05:A1,Xiaomi Communications Co Ltd,android
E8:4A:54,"Beijing Xiaomi Mobile Software Co., Ltd",android
50:A6:D8,"Apple, Inc.",macos
68:CA:C4,"Apple, Inc.",macos
90:2C:09,"Apple, Inc.",macos
EC:0D:51,"Apple, Inc.",macos
A0:B4:0F,"Apple, Inc.",macos
AC:DF:A1,"Apple, Inc.",macos
DC:10:57,"Apple, Inc.",macos
68:3E:C0,"Apple, Inc.",macos
30:D8:75,"Apple, Inc.",macos
34:B1:EB,"Apple, Inc.",macos
A0:52:72,"Apple, Inc.",macos
A4:F8:41,"Apple, Inc.",macos
20:04:84,"Apple, Inc.",macos
18:3F:70,"Apple, Inc.",macos
A4:F6:E8,"Apple, Inc.",macos
28:83:C9,"Apple, Inc.",macos
64:41:E6,"Apple, Inc.",macos
70:BB:5B,"Apple, Inc.",macos
60:57:C8,"Apple, Inc.",macos
74:0E:A4,"Apple, Inc.",macos
78:ED:BC,"OnePlus Technology (Shenzhen) Co., Ltd",android
3C:B0:ED,Nothing Technology Limited,android
D4:CB:CC,"vivo Mobile Communication Co., Ltd.",android
A8:05:56,"vivo Mobile Communication Co., Ltd.",android
7C:4B:26,"Apple, Inc.",macos
A0:D1:B3,"Apple, Inc.",macos
CC:11:5A,"Apple, Inc.",macos
D8:E5:93,"Apple, Inc.",macos
CC:68:E0,"Apple, Inc.",macos
E4:AA:E4,Xiaomi Communications Co Ltd,android
68:C4:4C,Xiaomi Communications Co Ltd,android
AC:97:38,"Apple, Inc.",macos
A4:E2:87,Xiaomi Communications Co Ltd,android
68:45:CC,"Apple, Inc.",macos
0C:DB:EA,"Apple, Inc.",macos
CC:60:23,"Apple, Inc.",macos
80:95:3A,"Apple, Inc.",macos
F8:71:A6,"Apple, Inc.",macos
28:34:FF,"Apple, Inc.",macos
98:FE:E1,"Apple, Inc.",macos
2C:81:BF,"Apple, Inc.",macos
D0:C0:50,"Apple, Inc.",macos
78:A7:C7,"Apple, Inc.",macos
84:94:37,"Apple, Inc.",macos
D0:6B:78,"Apple, Inc.",macos
0C:53:B7,"Apple, Inc.",macos
7C:F3:4D,"Apple, Inc.",macos
78:53:33,"Beijing Xiaomi Electronics Co.,Ltd",android
CC:4D:75,"Beijing Xiaomi Mobile Software Co., Ltd",android
CC:D8:43,"Beijing Xiaomi Mobile Software Co., Ltd",android
38:C6:BD,Xiaomi Communications Co Ltd,android
FC:5B:8C,Xiaomi Communications Co Ltd,android
C0:16:93,Xiaomi Communications Co Ltd,android
0C:51:7E,"Apple, Inc.",macos
0C:6A:C4,"Apple, Inc.",macos
BC:37:D3,"Apple, Inc.",macos
F4:FE:3E,"Apple, Inc.",macos
60:65:25,"Apple, Inc.",macos
F4:39:A6,"Apple, Inc.",macos
34:2B:6E,"Apple, Inc.",macos
FC:55:57,"Apple, Inc.",macos
8C:26:AA,"Apple, Inc.",macos
A8:BB:56,"Apple, Inc.",macos
90:62:3F,"Apple, Inc.",macos
28:2D:7F,"Apple, Inc.",macos
D0:3E:07,"Apple, Inc.",macos
50:B1:27,"Apple, Inc.",macos
F8:42:88,"Apple, Inc.",macos
60:0F:6B,"Apple, Inc.",macos
10:A2:D3,"Apple, Inc.",macos
88:B7:EB,"Apple, Inc.",macos
4C:97:CC,"Apple, Inc.",macos
34:EE:16,"Apple, Inc.",macos
98:2F:86,"vivo Mobile Communication Co., Ltd.",android
88:54:8E,"vivo Mobile Communication Co., Ltd.",android
7C:F0:E5,"OnePlus Technology (Shenzhen) Co., Ltd",android
00:CA:E0,"GUANGDONG OPPO MOBILE TELECOMMUNICATIONS CORP.,LTD",android
54:64:BC,"GUANGDONG OPPO MOBILE TELECOMMUNICATIONS CORP.,LTD",android
AC:8C:46,"Beijing Xiaomi Mobile Software Co., Ltd",android
78:34:FD,"vivo Mobile Communication Co., Ltd.",android
A8:6A:86,Xiaomi Communications Co Ltd,android
1C:7A:CF,"vivo Mobile Communication Co., Ltd.",android
74:38:22,Xiaomi Communications Co Ltd,android
9C:9E:D5,Xiaomi Communications Co Ltd,android
50:88:11,"Beijing Xiaomi Mobile Software Co., Ltd",android
F8:C4:FA,"GUANGDONG OPPO MOBILE TELECOMMUNICATIONS CORP.,LTD",android
B0:9C:63,Xiaomi Communications Co Ltd,android
E8:98:47,Xiaomi Communications Co Ltd,android
D4:17:61,Xiaomi Communications Co Ltd,android
3C:AF:B7,Xiaomi Communications Co Ltd,android
6C:48:3F,Xiaomi Communications Co Ltd,android
68:4D:B6,Xiaomi Communications Co Ltd,android
1C:7A:43,"vivo Mobile Communication Co., Ltd.",android
A8:6F:36,"vivo Mobile Communication Co., Ltd.",android
5C:91:75,"Apple, Inc.",macos
40:DA:5C,"Apple, Inc.",macos
D0:11:E5,"Apple, Inc.",macos
A0:78:2D,"Apple, Inc.",macos
9C:FA:76,"Apple, Inc.",macos
9C:1A:25,"Apple, Inc.",macos
DC:71:D0,"Apple, Inc.",macos
20:FA:85,"Apple, Inc.",macos
24:B3:39,"Apple, Inc.",macos
9C:58:84,"Apple, Inc.",macos
14:28:76,"Apple, Inc.",macos
14:7F:CE,"Apple, Inc.",macos
B0:D5:76,"Apple, Inc.",macos
30:3B:7C,"Apple, Inc.",macos
BC:BB:58,"Apple, Inc.",macos
1C:E2:09,"Apple, Inc.",macos
00:81:2A,"Apple, Inc.",macos
40:D1:60,"Apple, Inc.",macos
AC:07:75,"Apple, Inc.",macos
84:2F:57,"Apple, Inc.",macos
6C:60:16,"OnePlus Technology (Shenzhen) Co., Ltd",android
44:F7:70,"Beijing Xiaomi Mobile Software Co., Ltd",android
